,team,goals,assists,ds,throwaways,drops,opoints,dpoints,totalpoints,pct_opoints,pct_goal,pct_assist,pct_d,goal_percentile,assist_percentile,cluster
Beards E,,72,8,13,2,11,292,88,380,0.768421052632,0.189473684211,0.0210526315789,0.0342105263158,0.978120978121,0.192406692407,d_cutter
Kittre B,,68,37,26,23,3,263,153,416,0.632211538462,0.163461538462,0.0889423076923,0.0625,0.954954954955,0.777348777349,o_cutter
Matt S,,66,17,3,3,6,240,29,269,0.89219330855,0.245353159851,0.0631970260223,0.0111524163569,0.997425997426,0.619047619048,o_cutter
Vatz D,,62,9,4,7,8,242,47,289,0.837370242215,0.214532871972,0.0311418685121,0.0138408304498,0.98712998713,0.299871299871,o_cutter
Allen J,,62,60,14,35,5,299,119,418,0.715311004785,0.148325358852,0.143540669856,0.0334928229665,0.934362934363,0.934362934363,o_cutter
Bowen J,,62,49,7,27,10,288,50,338,0.852071005917,0.183431952663,0.144970414201,0.0207100591716,0.975546975547,0.936936936937,o_cutter
Freystae,,60,36,10,12,9,222,58,280,0.792857142857,0.214285714286,0.128571428571,0.0357142857143,0.985842985843,0.901544401544,o_cutter
Brock C,,60,37,8,27,6,244,25,269,0.907063197026,0.223048327138,0.137546468401,0.0297397769517,0.989703989704,0.921492921493,o_cutter
Masek Ke,,55,57,26,29,8,286,72,358,0.798882681564,0.153631284916,0.159217877095,0.072625698324,0.940797940798,0.965250965251,o_cutter
Armitage,,53,7,8,5,8,156,65,221,0.705882352941,0.239819004525,0.0316742081448,0.0361990950226,0.994851994852,0.307593307593,o_cutter
Schoen B,,51,20,20,7,2,141,117,258,0.546511627907,0.197674418605,0.077519379845,0.077519379845,0.981981981982,0.70398970399,o_cutter
Ham S,,51,9,2,5,4,171,96,267,0.640449438202,0.191011235955,0.0337078651685,0.00749063670412,0.979407979408,0.326254826255,d_cutter
Lally P,,50,36,10,17,4,255,43,298,0.855704697987,0.167785234899,0.120805369128,0.0335570469799,0.956241956242,0.882882882883,o_cutter
Chatha G,,48,30,12,15,8,217,62,279,0.777777777778,0.172043010753,0.10752688172,0.0430107526882,0.967824967825,0.854568854569,o_cutter
Harris C,,48,47,15,24,9,244,84,328,0.743902439024,0.146341463415,0.143292682927,0.0457317073171,0.930501930502,0.933075933076,o_cutter
Watson A,,48,31,10,14,4,254,72,326,0.779141104294,0.147239263804,0.0950920245399,0.0306748466258,0.931788931789,0.800514800515,o_cutter
Yoland C,,47,48,12,26,8,228,101,329,0.693009118541,0.142857142857,0.145896656535,0.0364741641337,0.925353925354,0.938223938224,o_cutter
Hubbard,,46,7,20,4,5,171,206,377,0.453580901857,0.122015915119,0.0185676392573,0.053050397878,0.880308880309,0.175032175032,d_cutter
Radcli T,,46,28,9,15,7,214,33,247,0.866396761134,0.186234817814,0.113360323887,0.0364372469636,0.976833976834,0.867438867439,o_cutter
Higgin S,,46,38,8,24,3,239,50,289,0.826989619377,0.159169550173,0.131487889273,0.0276816608997,0.94851994852,0.903474903475,o_cutter
Clark D,,45,15,12,10,7,106,151,257,0.412451361868,0.175097276265,0.0583657587549,0.0466926070039,0.972972972973,0.568854568855,d_cutter
Matt C,,44,12,5,11,5,207,21,228,0.907894736842,0.19298245614,0.0526315789474,0.0219298245614,0.980694980695,0.530888030888,o_cutter
Rehder M,,42,24,21,13,5,175,68,243,0.720164609053,0.172839506173,0.0987654320988,0.0864197530864,0.971685971686,0.822393822394,o_cutter
McDoug S,,41,12,17,11,5,171,67,238,0.718487394958,0.172268907563,0.0504201680672,0.0714285714286,0.969111969112,0.505791505792,o_cutter
Plew K,,39,64,6,27,7,252,22,274,0.919708029197,0.142335766423,0.233576642336,0.021897810219,0.921492921493,0.996138996139,o_cutter
A Mesh,,39,34,35,25,6,74,321,395,0.187341772152,0.0987341772152,0.0860759493671,0.0886075949367,0.80694980695,0.767052767053,d_handler
Misleh G,,38,32,14,41,8,244,49,293,0.832764505119,0.129692832765,0.109215017065,0.0477815699659,0.899613899614,0.855855855856,o_cutter
Sanche M,,38,46,17,25,4,335,74,409,0.819070904645,0.0929095354523,0.112469437653,0.041564792176,0.76833976834,0.864864864865,o_cutter
Steven M,,38,6,2,7,2,203,21,224,0.90625,0.169642857143,0.0267857142857,0.00892857142857,0.962676962677,0.251608751609,o_cutter
D Wise,,38,38,6,16,6,182,44,226,0.805309734513,0.16814159292,0.16814159292,0.0265486725664,0.958815958816,0.976833976834,o_cutter
Cohen J,,37,29,6,18,5,214,26,240,0.891666666667,0.154166666667,0.120833333333,0.025,0.944658944659,0.88416988417,o_cutter
Matt K,,37,33,12,14,3,214,28,242,0.884297520661,0.152892561983,0.136363636364,0.0495867768595,0.936936936937,0.915057915058,o_cutter
Illian R,,37,24,16,8,6,145,72,217,0.668202764977,0.170506912442,0.110599078341,0.073732718894,0.966537966538,0.857786357786,o_cutter
Coulter,,37,27,11,25,6,147,38,185,0.794594594595,0.2,0.145945945946,0.0594594594595,0.983268983269,0.939510939511,o_cutter
Wu D,,35,9,6,16,7,220,53,273,0.805860805861,0.128205128205,0.032967032967,0.021978021978,0.89703989704,0.319176319176,o_cutter
J-P R,,35,13,10,7,5,161,46,207,0.777777777778,0.169082125604,0.0628019323671,0.048309178744,0.96138996139,0.615186615187,o_cutter
Hickson,,34,31,10,23,2,258,51,309,0.834951456311,0.11003236246,0.100323624595,0.0323624595469,0.854568854569,0.835263835264,o_cutter
Martin J,,34,16,16,3,1,40,112,152,0.263157894737,0.223684210526,0.105263157895,0.105263157895,0.990990990991,0.844272844273,o_cutter
Marlia G,,34,20,4,9,0,119,100,219,0.543378995434,0.155251141553,0.0913242009132,0.0182648401826,0.945945945946,0.787644787645,o_cutter
C Camp,,33,13,7,8,11,131,13,144,0.909722222222,0.229166666667,0.0902777777778,0.0486111111111,0.993564993565,0.783783783784,o_cutter
Fontai S,,33,18,5,8,4,171,13,184,0.929347826087,0.179347826087,0.0978260869565,0.0271739130435,0.97425997426,0.815958815959,o_cutter
Johnso C,,33,29,17,20,4,184,139,323,0.569659442724,0.102167182663,0.0897832817337,0.0526315789474,0.824967824968,0.779922779923,o_cutter
Van Brus,,33,19,7,10,8,255,97,352,0.724431818182,0.09375,0.0539772727273,0.0198863636364,0.774774774775,0.540540540541,o_cutter
F-X H,,32,21,3,16,7,228,26,254,0.897637795276,0.125984251969,0.0826771653543,0.011811023622,0.890604890605,0.746460746461,o_cutter
Magerr B,,32,16,10,12,8,201,31,232,0.866379310345,0.137931034483,0.0689655172414,0.0431034482759,0.915057915058,0.65444015444,o_cutter
AJ,,32,10,8,7,2,113,28,141,0.801418439716,0.22695035461,0.0709219858156,0.0567375886525,0.992277992278,0.667953667954,o_cutter
C. Olsen,,31,30,7,18,3,192,27,219,0.876712328767,0.141552511416,0.13698630137,0.0319634703196,0.920205920206,0.917631917632,o_cutter
WayK,,31,43,5,32,3,210,53,263,0.798479087452,0.117870722433,0.163498098859,0.0190114068441,0.872586872587,0.970398970399,o_cutter
Fenton D,,31,20,3,9,3,132,112,244,0.540983606557,0.127049180328,0.0819672131148,0.0122950819672,0.895752895753,0.741312741313,o_cutter
Lang B,,30,23,7,14,4,105,158,263,0.399239543726,0.114068441065,0.0874524714829,0.0266159695817,0.861003861004,0.769626769627,o_cutter
LoiseauK,,30,20,14,24,5,164,79,243,0.674897119342,0.123456790123,0.082304526749,0.0576131687243,0.8861003861,0.7425997426,o_cutter
Johnso E,,30,15,11,11,1,159,28,187,0.850267379679,0.160427807487,0.0802139037433,0.0588235294118,0.949806949807,0.722007722008,o_cutter
Page N,,30,15,12,9,3,111,126,237,0.46835443038,0.126582278481,0.0632911392405,0.0506329113924,0.891891891892,0.620334620335,o_cutter
Elboge M,,30,29,8,27,3,208,35,243,0.855967078189,0.123456790123,0.119341563786,0.0329218106996,0.8861003861,0.877734877735,o_cutter
Goose,,30,32,12,29,6,139,128,267,0.520599250936,0.112359550562,0.119850187266,0.0449438202247,0.85842985843,0.879021879022,o_cutter
Danny,,30,11,11,25,12,192,226,418,0.459330143541,0.0717703349282,0.0263157894737,0.0263157894737,0.642213642214,0.248391248391,d_cutter
Ward R,,30,8,26,9,0,24,200,224,0.107142857143,0.133928571429,0.0357142857143,0.116071428571,0.90990990991,0.354568854569,d_cutter
Lindquis,,29,55,8,15,3,185,123,308,0.600649350649,0.0941558441558,0.178571428571,0.025974025974,0.78120978121,0.985842985843,o_cutter
Dallma L,,29,13,11,20,3,85,128,213,0.399061032864,0.136150234742,0.0610328638498,0.0516431924883,0.91184041184,0.60102960103,d_cutter
Gailit A,,29,23,7,14,2,258,43,301,0.857142857143,0.0963455149502,0.0764119601329,0.0232558139535,0.79407979408,0.694980694981,o_cutter
Sullivan,,29,55,8,47,1,230,53,283,0.812720848057,0.102473498233,0.194346289753,0.0282685512367,0.826254826255,0.990990990991,o_cutter
Scott,,29,48,13,79,4,296,59,355,0.833802816901,0.0816901408451,0.135211267606,0.0366197183099,0.711711711712,0.911196911197,o_cutter
Catron T,,29,15,3,10,2,170,43,213,0.798122065728,0.136150234742,0.0704225352113,0.0140845070423,0.91184041184,0.66537966538,o_cutter
Dayton M,,29,7,5,6,11,264,24,288,0.916666666667,0.100694444444,0.0243055555556,0.0173611111111,0.817245817246,0.226512226512,o_cutter
Evans S,,29,2,11,3,3,44,192,236,0.186440677966,0.122881355932,0.00847457627119,0.0466101694915,0.88416988417,0.111969111969,d_cutter
Doug U,,29,21,7,16,6,186,40,226,0.823008849558,0.128318584071,0.0929203539823,0.0309734513274,0.898326898327,0.790218790219,o_cutter
Underh K,,29,49,13,27,1,269,64,333,0.807807807808,0.0870870870871,0.147147147147,0.039039039039,0.740025740026,0.944015444015,o_cutter
DeGiro T,,28,86,13,19,3,203,95,298,0.681208053691,0.0939597315436,0.288590604027,0.0436241610738,0.777992277992,0.998712998713,o_cutter
B Hart,,28,30,11,18,5,150,50,200,0.75,0.14,0.15,0.055,0.918918918919,0.94851994852,o_cutter
Sefton J,,27,18,5,11,6,157,65,222,0.707207207207,0.121621621622,0.0810810810811,0.0225225225225,0.878378378378,0.732947232947,o_cutter
Powell G,,27,10,18,12,0,32,139,171,0.187134502924,0.157894736842,0.0584795321637,0.105263157895,0.947232947233,0.570785070785,d_cutter
Nguyen B,,27,12,6,11,2,172,30,202,0.851485148515,0.133663366337,0.0594059405941,0.029702970297,0.908622908623,0.586229086229,o_cutter
HillJ,,27,7,9,7,6,101,75,176,0.573863636364,0.153409090909,0.0397727272727,0.0511363636364,0.939510939511,0.414414414414,d_cutter
Micky R,,27,28,3,30,10,229,63,292,0.784246575342,0.0924657534247,0.0958904109589,0.0102739726027,0.764478764479,0.809523809524,o_cutter
J Clark,,26,19,8,19,5,168,29,197,0.852791878173,0.131979695431,0.0964467005076,0.0406091370558,0.904761904762,0.812097812098,o_cutter
Mitche T,,26,21,12,25,9,283,83,366,0.773224043716,0.0710382513661,0.0573770491803,0.0327868852459,0.631917631918,0.56241956242,o_cutter
Silva K,,26,3,10,8,2,118,35,153,0.771241830065,0.169934640523,0.0196078431373,0.0653594771242,0.965250965251,0.18018018018,d_cutter
Cohen G,,26,15,14,9,0,82,166,248,0.33064516129,0.104838709677,0.0604838709677,0.0564516129032,0.835263835264,0.597168597169,d_cutter
Mickle J,,26,61,10,33,6,248,135,383,0.647519582245,0.0678851174935,0.159268929504,0.0261096605744,0.611325611326,0.966537966538,o_cutter
Drost R,,26,20,32,18,2,65,250,315,0.206349206349,0.0825396825397,0.0634920634921,0.101587301587,0.715572715573,0.621621621622,d_cutter
Tim K,,26,11,26,7,5,96,175,271,0.354243542435,0.0959409594096,0.0405904059041,0.0959409594096,0.792792792793,0.423423423423,d_cutter
Del Real,,26,12,7,14,6,193,28,221,0.873303167421,0.117647058824,0.0542986425339,0.0316742081448,0.870656370656,0.543114543115,o_cutter
Snoke D,,25,29,11,12,2,254,39,293,0.866894197952,0.0853242320819,0.098976109215,0.037542662116,0.733590733591,0.824967824968,o_cutter
AntoineG,,25,49,28,41,7,94,239,333,0.282282282282,0.0750750750751,0.147147147147,0.0840840840841,0.66537966538,0.944015444015,d_handler
Guo E,,25,12,4,7,2,134,19,153,0.875816993464,0.16339869281,0.078431372549,0.0261437908497,0.953667953668,0.710424710425,o_cutter
Settle T,,25,24,10,33,4,277,44,321,0.86292834891,0.0778816199377,0.0747663551402,0.0311526479751,0.682110682111,0.685971685972,o_cutter
Neve M,,25,12,12,6,3,158,87,245,0.644897959184,0.102040816327,0.0489795918367,0.0489795918367,0.823037323037,0.491634491634,o_cutter
B. Moore,,25,21,4,9,3,221,34,255,0.866666666667,0.0980392156863,0.0823529411765,0.0156862745098,0.803732303732,0.743886743887,o_cutter
Ivers B,,25,3,11,1,0,19,212,231,0.0822510822511,0.108225108225,0.012987012987,0.047619047619,0.849420849421,0.135135135135,d_cutter
David BK,,25,17,9,10,0,155,25,180,0.861111111111,0.138888888889,0.0944444444444,0.05,0.916988416988,0.797940797941,o_cutter
Sisto J,,24,6,5,8,3,166,56,222,0.747747747748,0.108108108108,0.027027027027,0.0225225225225,0.84749034749,0.254826254826,d_cutter
J-L C,,24,9,16,14,2,103,164,267,0.385767790262,0.0898876404494,0.0337078651685,0.059925093633,0.747747747748,0.326254826255,d_cutter
Gross R,,24,13,18,7,1,74,182,256,0.2890625,0.09375,0.05078125,0.0703125,0.774774774775,0.507078507079,d_cutter
Koss R,,24,27,19,30,7,135,197,332,0.406626506024,0.0722891566265,0.0813253012048,0.0572289156627,0.646074646075,0.736164736165,d_handler
Fedore M,,24,21,17,9,2,37,216,253,0.146245059289,0.0948616600791,0.0830039525692,0.0671936758893,0.786357786358,0.749034749035,d_handler
Drost M,,24,13,28,13,0,33,221,254,0.129921259843,0.0944881889764,0.0511811023622,0.110236220472,0.784427284427,0.513513513514,d_cutter
Kevin Gr,,24,21,20,36,7,141,118,259,0.544401544402,0.0926640926641,0.0810810810811,0.0772200772201,0.765765765766,0.732947232947,o_cutter
Purdy T,,24,12,13,8,4,98,107,205,0.478048780488,0.117073170732,0.0585365853659,0.0634146341463,0.868725868726,0.573359073359,o_cutter
AlexandK,,24,25,3,16,5,197,27,224,0.879464285714,0.107142857143,0.111607142857,0.0133928571429,0.844272844273,0.863577863578,o_cutter
Brooks T,,24,44,3,26,0,220,27,247,0.890688259109,0.0971659919028,0.178137651822,0.0121457489879,0.800514800515,0.984555984556,o_cutter
Jacobs L,,24,28,9,15,3,119,104,223,0.533632286996,0.107623318386,0.125560538117,0.0403587443946,0.84555984556,0.889317889318,o_cutter
Muniz C,,23,39,9,37,8,232,60,292,0.794520547945,0.0787671232877,0.133561643836,0.0308219178082,0.688545688546,0.907335907336,o_cutter
Wu C,,23,4,2,3,6,84,7,91,0.923076923077,0.252747252747,0.043956043956,0.021978021978,0.998712998713,0.46138996139,o_cutter
ForestNL,,23,10,9,10,3,200,40,240,0.833333333333,0.0958333333333,0.0416666666667,0.0375,0.791505791506,0.436293436293,o_cutter
Mark F,,23,19,8,12,5,165,26,191,0.86387434555,0.120418848168,0.0994764397906,0.0418848167539,0.875160875161,0.828828828829,o_cutter
Aulett M,,23,30,6,28,4,220,33,253,0.869565217391,0.0909090909091,0.118577075099,0.0237154150198,0.754826254826,0.876447876448,o_cutter
Harde C,,23,11,5,11,3,116,59,175,0.662857142857,0.131428571429,0.0628571428571,0.0285714285714,0.902187902188,0.617117117117,o_cutter
Shirle D,,22,10,14,23,6,145,61,206,0.703883495146,0.106796116505,0.0485436893204,0.0679611650485,0.841698841699,0.490347490347,o_cutter
Repper A,,22,14,25,11,2,54,211,265,0.203773584906,0.0830188679245,0.0528301886792,0.0943396226415,0.71685971686,0.532818532819,d_cutter
Rasmus C,,22,18,6,29,2,210,95,305,0.688524590164,0.072131147541,0.0590163934426,0.0196721311475,0.644787644788,0.581724581725,o_cutter
RBradham,,22,5,3,6,2,8,152,160,0.05,0.1375,0.03125,0.01875,0.913770913771,0.302445302445,d_cutter
S Meyer,,22,8,19,3,2,32,153,185,0.172972972973,0.118918918919,0.0432432432432,0.102702702703,0.873873873874,0.449163449163,d_cutter
Channing,,22,13,3,20,8,151,83,234,0.645299145299,0.0940170940171,0.0555555555556,0.0128205128205,0.779922779923,0.553410553411,o_cutter
Carneg H,,22,9,6,11,2,106,59,165,0.642424242424,0.133333333333,0.0545454545455,0.0363636363636,0.906692406692,0.544401544402,o_cutter
Mott S,,21,22,11,32,6,161,46,207,0.777777777778,0.101449275362,0.106280193237,0.0531400966184,0.821106821107,0.848133848134,o_cutter
Connor F,,21,19,1,20,5,224,23,247,0.906882591093,0.085020242915,0.0769230769231,0.00404858299595,0.72972972973,0.698841698842,o_cutter
Milard S,,21,14,24,9,1,59,215,274,0.215328467153,0.0766423357664,0.0510948905109,0.0875912408759,0.674388674389,0.512226512227,d_cutter
J Froude,,21,19,29,10,2,47,177,224,0.209821428571,0.09375,0.0848214285714,0.129464285714,0.774774774775,0.761261261261,d_handler
Nordeg J,,20,11,16,6,2,52,123,175,0.297142857143,0.114285714286,0.0628571428571,0.0914285714286,0.864864864865,0.617117117117,d_cutter
Bode M,,20,19,4,5,0,155,40,195,0.794871794872,0.102564102564,0.0974358974359,0.0205128205128,0.828828828829,0.814671814672,o_cutter
Hood M,,20,37,10,29,2,178,90,268,0.664179104478,0.0746268656716,0.138059701493,0.0373134328358,0.657657657658,0.92277992278,o_cutter
Kittle J,,20,12,31,7,6,69,180,249,0.277108433735,0.0803212851406,0.0481927710843,0.124497991968,0.706563706564,0.485199485199,d_cutter
Marsh J,,20,15,1,17,2,110,9,119,0.924369747899,0.168067226891,0.126050420168,0.00840336134454,0.957528957529,0.893178893179,o_cutter
Sansbu B,,20,6,9,7,2,92,112,204,0.450980392157,0.0980392156863,0.0294117647059,0.0441176470588,0.803732303732,0.276061776062,d_cutter
Lahey P,,20,2,8,6,3,53,63,116,0.456896551724,0.172413793103,0.0172413793103,0.0689655172414,0.970398970399,0.163449163449,d_cutter
Cooli,,20,6,10,11,6,184,35,219,0.840182648402,0.0913242009132,0.027397260274,0.0456621004566,0.758043758044,0.2574002574,o_cutter
Rankin Z,,20,23,8,20,2,106,46,152,0.697368421053,0.131578947368,0.151315789474,0.0526315789474,0.903474903475,0.953667953668,o_cutter
WestwelS,,20,22,7,14,2,143,72,215,0.66511627907,0.093023255814,0.102325581395,0.0325581395349,0.770913770914,0.839124839125,o_cutter
Yearwood,,20,41,7,19,3,182,90,272,0.669117647059,0.0735294117647,0.150735294118,0.0257352941176,0.651222651223,0.951093951094,o_cutter
S Rich,,19,16,6,8,7,105,46,151,0.695364238411,0.12582781457,0.105960264901,0.0397350993377,0.889317889318,0.846846846847,o_cutter
Carroll,,19,19,20,11,3,55,240,295,0.186440677966,0.064406779661,0.064406779661,0.0677966101695,0.595881595882,0.622908622909,d_handler
Chip C,,19,9,8,11,7,89,118,207,0.429951690821,0.0917874396135,0.0434782608696,0.0386473429952,0.760617760618,0.454954954955,d_cutter
P Shriwi,,19,32,18,18,3,141,71,212,0.665094339623,0.0896226415094,0.150943396226,0.0849056603774,0.746460746461,0.952380952381,o_cutter
BergM,,19,3,4,0,5,68,61,129,0.527131782946,0.147286821705,0.0232558139535,0.031007751938,0.933075933076,0.215572715573,d_cutter
Wolle C,,19,12,11,4,5,115,82,197,0.583756345178,0.0964467005076,0.0609137055838,0.0558375634518,0.795366795367,0.599742599743,o_cutter
Leduc M,,19,8,10,6,3,76,151,227,0.334801762115,0.0837004405286,0.0352422907489,0.0440528634361,0.723294723295,0.346846846847,d_cutter
Tarasi D,,19,34,11,18,4,227,40,267,0.850187265918,0.0711610486891,0.12734082397,0.0411985018727,0.633204633205,0.89703989704,o_cutter
Bellav J,,19,58,2,26,8,280,63,343,0.816326530612,0.0553935860058,0.169096209913,0.00583090379009,0.518661518662,0.978120978121,o_cutter
Jagt B,,19,26,12,12,2,60,92,152,0.394736842105,0.125,0.171052631579,0.0789473684211,0.888030888031,0.979407979408,o_cutter
Pitts C,,19,7,5,3,4,108,97,205,0.526829268293,0.0926829268293,0.0341463414634,0.0243902439024,0.767052767053,0.330759330759,d_cutter
Jon P,,19,11,6,17,1,137,74,211,0.649289099526,0.0900473933649,0.0521327014218,0.0284360189573,0.750321750322,0.525096525097,o_cutter
Shawn S,,19,14,4,15,7,174,19,193,0.901554404145,0.0984455958549,0.0725388601036,0.020725388601,0.805662805663,0.675675675676,o_cutter
Seyler J,,18,6,6,9,3,90,79,169,0.532544378698,0.10650887574,0.0355029585799,0.0355029585799,0.840411840412,0.351994851995,d_cutter
Lenta R,,18,12,3,8,4,140,25,165,0.848484848485,0.109090909091,0.0727272727273,0.0181818181818,0.853281853282,0.67824967825,o_cutter
Forste R,,18,19,4,22,4,205,35,240,0.854166666667,0.075,0.0791666666667,0.0166666666667,0.662162162162,0.715572715573,o_cutter
Ortiz J,,18,9,8,12,6,134,82,216,0.62037037037,0.0833333333333,0.0416666666667,0.037037037037,0.720077220077,0.436293436293,o_cutter
Mack Ed,,18,25,9,20,5,278,17,295,0.942372881356,0.0610169491525,0.0847457627119,0.0305084745763,0.567567567568,0.758043758044,o_cutter
Madden B,,18,8,10,9,4,131,99,230,0.569565217391,0.0782608695652,0.0347826086957,0.0434782608696,0.684684684685,0.344916344916,d_cutter
HogelM,,18,12,8,14,3,165,31,196,0.841836734694,0.0918367346939,0.0612244897959,0.0408163265306,0.761904761905,0.603603603604,o_cutter
Matis B,,18,11,16,10,4,56,144,200,0.28,0.09,0.055,0.08,0.749034749035,0.548906048906,d_cutter
Yz I,,18,12,1,12,1,135,13,148,0.912162162162,0.121621621622,0.0810810810811,0.00675675675676,0.878378378378,0.732947232947,o_cutter
Hausma J,,18,23,5,19,4,110,110,220,0.5,0.0818181818182,0.104545454545,0.0227272727273,0.712998712999,0.841698841699,o_cutter
Walker J,,18,5,10,3,3,70,158,228,0.30701754386,0.0789473684211,0.0219298245614,0.0438596491228,0.69111969112,0.202059202059,d_cutter
Wright J,,17,17,3,27,5,129,46,175,0.737142857143,0.0971428571429,0.0971428571429,0.0171428571429,0.799227799228,0.813384813385,o_cutter
M Swain,,17,8,9,12,2,36,123,159,0.22641509434,0.106918238994,0.0503144654088,0.0566037735849,0.842985842986,0.504504504505,d_cutter
Kaufmann,,17,6,8,5,3,45,73,118,0.381355932203,0.14406779661,0.0508474576271,0.0677966101695,0.929214929215,0.509009009009,d_cutter
Casey B,,17,38,2,20,2,240,37,277,0.86642599278,0.0613718411552,0.137184115523,0.0072202166065,0.571428571429,0.918918918919,o_cutter
Colema J,,17,1,10,1,3,19,218,237,0.0801687763713,0.0717299578059,0.0042194092827,0.042194092827,0.640926640927,0.0965250965251,d_cutter
Kerns E,,17,32,5,21,3,120,95,215,0.558139534884,0.0790697674419,0.148837209302,0.0232558139535,0.692406692407,0.945945945946,o_cutter
Leggio D,,17,23,12,9,3,170,146,316,0.537974683544,0.0537974683544,0.0727848101266,0.0379746835443,0.500643500644,0.679536679537,d_handler
LeeM,,17,17,10,11,1,29,143,172,0.168604651163,0.0988372093023,0.0988372093023,0.0581395348837,0.808236808237,0.823680823681,d_handler
Jordan M,,17,5,5,3,4,115,25,140,0.821428571429,0.121428571429,0.0357142857143,0.0357142857143,0.876447876448,0.354568854569,o_cutter
Grand C,,17,18,8,26,6,173,126,299,0.578595317726,0.056856187291,0.0602006688963,0.0267558528428,0.539253539254,0.593307593308,o_handler
Gaines A,,17,10,7,14,2,94,84,178,0.52808988764,0.0955056179775,0.0561797752809,0.0393258426966,0.788931788932,0.558558558559,o_cutter
Schrin S,,17,33,10,49,4,268,40,308,0.87012987013,0.0551948051948,0.107142857143,0.0324675324675,0.516087516088,0.853281853282,o_cutter
Merie Z,,17,1,9,3,4,90,67,157,0.573248407643,0.108280254777,0.00636942675159,0.0573248407643,0.850707850708,0.105534105534,d_cutter
M Weber,,17,4,9,0,2,22,127,149,0.147651006711,0.114093959732,0.0268456375839,0.0604026845638,0.862290862291,0.253539253539,d_cutter
Loscar S,,16,6,13,6,3,21,154,175,0.12,0.0914285714286,0.0342857142857,0.0742857142857,0.759330759331,0.333333333333,d_cutter
P Graffy,,16,18,17,7,2,35,177,212,0.165094339623,0.0754716981132,0.0849056603774,0.0801886792453,0.667953667954,0.763191763192,d_handler
Lissne E,,16,19,3,17,3,127,13,140,0.907142857143,0.114285714286,0.135714285714,0.0214285714286,0.864864864865,0.913770913771,o_cutter
BlackstL,,16,11,9,5,2,22,163,185,0.118918918919,0.0864864864865,0.0594594594595,0.0486486486486,0.737451737452,0.58815958816,d_cutter
Curtis A,,16,36,7,24,4,203,42,245,0.828571428571,0.065306122449,0.14693877551,0.0285714285714,0.598455598456,0.942084942085,o_cutter
Lin M,,16,9,3,3,1,84,39,123,0.682926829268,0.130081300813,0.0731707317073,0.0243902439024,0.900900900901,0.680823680824,o_cutter
Michel M,,16,15,10,11,2,78,125,203,0.384236453202,0.0788177339901,0.0738916256158,0.0492610837438,0.689832689833,0.683397683398,d_handler
Landis T,,16,3,1,2,6,114,12,126,0.904761904762,0.126984126984,0.0238095238095,0.00793650793651,0.893822393822,0.220077220077,o_cutter
Chandl D,,16,7,4,5,4,80,122,202,0.39603960396,0.0792079207921,0.0346534653465,0.019801980198,0.694980694981,0.339124839125,d_cutter
Gibson K,,16,24,5,17,2,65,117,182,0.357142857143,0.0879120879121,0.131868131868,0.0274725274725,0.74453024453,0.904761904762,d_handler
Sheppa M,,16,18,9,6,3,37,163,200,0.185,0.08,0.09,0.045,0.700772200772,0.78120978121,d_handler
S. Hicks,,16,16,8,10,1,154,51,205,0.751219512195,0.0780487804878,0.0780487804878,0.0390243902439,0.683397683398,0.707207207207,o_cutter
Murray P,,16,25,7,10,4,142,41,183,0.775956284153,0.0874316939891,0.136612021858,0.0382513661202,0.741312741313,0.916344916345,o_cutter
Sisco S,,16,7,8,5,2,51,89,140,0.364285714286,0.114285714286,0.05,0.0571428571429,0.864864864865,0.500643500644,d_cutter
Buddy,,16,16,12,1,4,20,156,176,0.113636363636,0.0909090909091,0.0909090909091,0.0681818181818,0.754826254826,0.786357786358,d_handler
Trimbl S,,16,11,7,5,4,82,108,190,0.431578947368,0.0842105263158,0.0578947368421,0.0368421052632,0.725225225225,0.566280566281,d_cutter
Hau J.,,15,8,17,16,2,22,195,217,0.101382488479,0.0691244239631,0.036866359447,0.0783410138249,0.616473616474,0.380952380952,d_cutter
Kyle S,,15,29,7,20,1,268,35,303,0.884488448845,0.049504950495,0.0957095709571,0.023102310231,0.460746460746,0.80694980695,o_handler
Helms K,,15,5,3,2,1,110,110,220,0.5,0.0681818181818,0.0227272727273,0.0136363636364,0.612612612613,0.211068211068,d_cutter
Parisi M,,15,9,1,5,1,89,59,148,0.601351351351,0.101351351351,0.0608108108108,0.00675675675676,0.81981981982,0.598455598456,o_cutter
Peezic S,,15,4,3,6,3,88,47,135,0.651851851852,0.111111111111,0.0296296296296,0.0222222222222,0.856499356499,0.279922779923,d_cutter
Lepagnol,,15,20,9,22,4,119,40,159,0.748427672956,0.0943396226415,0.125786163522,0.0566037735849,0.782496782497,0.891891891892,o_cutter
Joye A,,15,45,11,29,3,228,69,297,0.767676767677,0.0505050505051,0.151515151515,0.037037037037,0.473616473616,0.954954954955,o_cutter
Carpen T,,15,9,14,7,1,42,152,194,0.216494845361,0.0773195876289,0.0463917525773,0.0721649484536,0.676962676963,0.468468468468,d_cutter
David B,,15,27,5,30,1,184,44,228,0.80701754386,0.0657894736842,0.118421052632,0.0219298245614,0.601673101673,0.874517374517,o_cutter
Bryant D,,15,1,11,5,1,19,119,138,0.13768115942,0.108695652174,0.00724637681159,0.0797101449275,0.851994851995,0.106821106821,d_cutter
Young L,,15,11,12,13,3,88,166,254,0.346456692913,0.0590551181102,0.0433070866142,0.0472440944882,0.557271557272,0.45045045045,d_cutter
B Hannah,,15,15,8,14,3,73,84,157,0.464968152866,0.0955414012739,0.0955414012739,0.0509554140127,0.790218790219,0.805662805663,o_cutter
Waldro B,,15,47,10,37,6,228,46,274,0.832116788321,0.0547445255474,0.171532846715,0.036496350365,0.507078507079,0.981981981982,o_cutter
Carlet A,,15,7,5,4,4,134,141,275,0.487272727273,0.0545454545455,0.0254545454545,0.0181818181818,0.505148005148,0.238095238095,d_cutter
Andrew A,,15,6,20,2,1,25,151,176,0.142045454545,0.0852272727273,0.0340909090909,0.113636363636,0.732303732304,0.328828828829,d_cutter
Cullen,,15,27,9,25,8,146,67,213,0.68544600939,0.0704225352113,0.12676056338,0.0422535211268,0.624195624196,0.895109395109,o_cutter
Kubinec,,14,6,9,5,2,11,153,164,0.0670731707317,0.0853658536585,0.0365853658537,0.0548780487805,0.734877734878,0.371943371943,d_cutter
Nico L,,14,13,2,10,2,154,46,200,0.77,0.07,0.065,0.01,0.622265122265,0.629343629344,o_cutter
Collom D,,14,26,14,28,5,178,98,276,0.644927536232,0.0507246376812,0.0942028985507,0.0507246376812,0.478764478764,0.795366795367,o_handler
Rosatt T,,14,11,1,3,2,84,51,135,0.622222222222,0.103703703704,0.0814814814815,0.00740740740741,0.83268983269,0.737451737452,o_cutter
Willia B,,14,8,3,9,4,93,31,124,0.75,0.112903225806,0.0645161290323,0.0241935483871,0.859716859717,0.625482625483,o_cutter
Wilkes A,,14,5,5,4,1,109,35,144,0.756944444444,0.0972222222222,0.0347222222222,0.0347222222222,0.801801801802,0.342342342342,o_cutter
Huffer W,,14,13,10,26,4,130,82,212,0.61320754717,0.0660377358491,0.061320754717,0.0471698113208,0.603603603604,0.606177606178,o_cutter
Barnha A,,14,17,8,17,1,115,122,237,0.485232067511,0.0590717299578,0.0717299578059,0.0337552742616,0.558558558559,0.673101673102,d_handler
Glenn P,,14,27,3,17,3,139,89,228,0.609649122807,0.0614035087719,0.118421052632,0.0131578947368,0.572715572716,0.874517374517,o_cutter
Tsang T,,14,9,5,13,0,83,92,175,0.474285714286,0.08,0.0514285714286,0.0285714285714,0.700772200772,0.515444015444,d_cutter
Shiel,,14,29,5,12,1,151,24,175,0.862857142857,0.08,0.165714285714,0.0285714285714,0.700772200772,0.971685971686,o_cutter
Bemis E,,14,3,6,5,2,101,32,133,0.759398496241,0.105263157895,0.0225563909774,0.0451127819549,0.836550836551,0.208494208494,d_cutter
Simon A,,14,15,3,8,3,106,74,180,0.588888888889,0.0777777777778,0.0833333333333,0.0166666666667,0.680823680824,0.752895752896,o_cutter
Slymer,,14,6,10,6,1,26,123,149,0.174496644295,0.0939597315436,0.0402684563758,0.0671140939597,0.777992277992,0.417631917632,d_cutter
Thorne A,,14,24,2,20,2,149,28,177,0.841807909605,0.0790960451977,0.135593220339,0.0112994350282,0.693693693694,0.912483912484,o_cutter
Bradford,,14,7,5,13,2,149,70,219,0.680365296804,0.0639269406393,0.0319634703196,0.0228310502283,0.593307593308,0.30888030888,d_cutter
Boyd G,,14,15,3,15,0,161,27,188,0.856382978723,0.0744680851064,0.0797872340426,0.0159574468085,0.656370656371,0.718146718147,o_cutter
Fergus,,14,19,6,20,5,161,32,193,0.834196891192,0.0725388601036,0.0984455958549,0.0310880829016,0.648648648649,0.818532818533,o_cutter
B Ever,,14,18,7,9,4,49,243,292,0.167808219178,0.0479452054795,0.0616438356164,0.0239726027397,0.451737451737,0.608108108108,d_handler
Dulabo R,,14,5,15,9,2,29,169,198,0.146464646465,0.0707070707071,0.0252525252525,0.0757575757576,0.62676962677,0.235521235521,d_cutter
OuchterA,,14,12,8,13,1,141,31,172,0.81976744186,0.0813953488372,0.0697674418605,0.046511627907,0.710424710425,0.658301158301,o_cutter
CoreyA,,14,19,6,19,4,75,125,200,0.375,0.07,0.095,0.03,0.622265122265,0.799227799228,d_handler
Dylan T,,14,48,8,31,1,212,22,234,0.905982905983,0.0598290598291,0.205128205128,0.034188034188,0.56241956242,0.993564993565,o_cutter
K Brown,,14,13,16,14,2,43,205,248,0.173387096774,0.0564516129032,0.0524193548387,0.0645161290323,0.532175032175,0.527670527671,d_handler
Kevin Q,,14,49,7,46,8,228,35,263,0.866920152091,0.0532319391635,0.186311787072,0.0266159695817,0.496782496782,0.988416988417,o_cutter
Wynne R,,14,9,15,9,0,61,112,173,0.352601156069,0.0809248554913,0.0520231213873,0.0867052023121,0.709137709138,0.522522522523,d_cutter
Fein B,,13,4,9,9,0,60,93,153,0.392156862745,0.0849673202614,0.0261437908497,0.0588235294118,0.728442728443,0.245817245817,d_cutter
Theodo Z,,13,7,8,4,0,55,124,179,0.307262569832,0.072625698324,0.0391061452514,0.0446927374302,0.649935649936,0.407979407979,d_cutter
Harkne S,,13,9,7,4,1,44,131,175,0.251428571429,0.0742857142857,0.0514285714286,0.04,0.655083655084,0.515444015444,d_cutter
D Schlei,,13,3,1,3,0,51,3,54,0.944444444444,0.240740740741,0.0555555555556,0.0185185185185,0.996138996139,0.553410553411,o_cutter
Carter M,,13,14,16,18,3,140,121,261,0.536398467433,0.0498084291188,0.0536398467433,0.0613026819923,0.46332046332,0.539253539254,o_handler
Henry T.,,13,19,12,8,3,44,180,224,0.196428571429,0.0580357142857,0.0848214285714,0.0535714285714,0.548262548263,0.761261261261,d_handler
Taylor S,,13,9,19,9,2,26,234,260,0.1,0.05,0.0346153846154,0.0730769230769,0.468468468468,0.337194337194,d_roleplayer
Gormle R,,13,1,1,0,1,37,48,85,0.435294117647,0.152941176471,0.0117647058824,0.0117647058824,0.938223938224,0.129987129987,d_cutter
Ackley J,,13,12,3,16,1,177,28,205,0.863414634146,0.0634146341463,0.0585365853659,0.0146341463415,0.588803088803,0.573359073359,o_cutter
KPS,,13,13,13,7,0,29,157,186,0.155913978495,0.0698924731183,0.0698924731183,0.0698924731183,0.619047619048,0.660231660232,d_handler
Chialv F,,13,25,11,35,4,180,130,310,0.58064516129,0.041935483871,0.0806451612903,0.0354838709677,0.39897039897,0.724581724582,o_handler
Poulos,,13,32,1,19,1,139,24,163,0.852760736196,0.079754601227,0.196319018405,0.00613496932515,0.696267696268,0.992277992278,o_cutter
Max G,,13,1,7,1,1,47,158,205,0.229268292683,0.0634146341463,0.00487804878049,0.0341463414634,0.588803088803,0.100386100386,d_cutter
Richar A,,13,10,7,11,3,64,106,170,0.376470588235,0.0764705882353,0.0588235294118,0.0411764705882,0.673101673102,0.578507078507,d_cutter
Jack,,13,2,7,5,6,72,34,106,0.679245283019,0.122641509434,0.0188679245283,0.0660377358491,0.882882882883,0.17824967825,d_cutter
Pannon M,,13,6,23,3,3,30,206,236,0.127118644068,0.0550847457627,0.0254237288136,0.0974576271186,0.512226512227,0.236808236808,d_cutter
Griffi W,,13,24,5,12,2,97,192,289,0.335640138408,0.0449826989619,0.083044982699,0.0173010380623,0.422136422136,0.750321750322,d_handler
Rasmus H,,13,7,1,3,1,71,9,80,0.8875,0.1625,0.0875,0.0125,0.952380952381,0.771557271557,o_cutter
Konker H,,13,12,13,12,1,60,111,171,0.350877192982,0.0760233918129,0.0701754385965,0.0760233918129,0.670527670528,0.663449163449,d_handler
Burns E,,13,7,3,7,4,86,95,181,0.475138121547,0.0718232044199,0.0386740331492,0.0165745856354,0.643500643501,0.402831402831,d_cutter
Hunter N,,13,4,4,4,0,18,105,123,0.146341463415,0.105691056911,0.0325203252033,0.0325203252033,0.837837837838,0.312741312741,d_cutter
Katz B,,12,32,8,43,2,181,37,218,0.830275229358,0.0550458715596,0.146788990826,0.0366972477064,0.51093951094,0.940797940798,o_cutter
Cao C,,12,26,5,13,2,214,50,264,0.810606060606,0.0454545454545,0.0984848484848,0.0189393939394,0.431145431145,0.81981981982,o_handler
Howey E,,12,11,5,14,3,76,136,212,0.358490566038,0.0566037735849,0.0518867924528,0.0235849056604,0.535392535393,0.521235521236,d_handler
Carden J,,12,5,11,3,2,37,107,144,0.256944444444,0.0833333333333,0.0347222222222,0.0763888888889,0.720077220077,0.342342342342,d_cutter
Trett D,,12,6,1,2,1,75,82,157,0.477707006369,0.0764331210191,0.0382165605096,0.00636942675159,0.671814671815,0.400257400257,d_cutter
Vlahos A,,12,4,0,4,5,61,66,127,0.48031496063,0.0944881889764,0.0314960629921,0.0,0.784427284427,0.306306306306,d_cutter
Bob,,12,32,8,34,3,180,53,233,0.772532188841,0.0515021459227,0.137339055794,0.0343347639485,0.485199485199,0.920205920206,o_cutter
AlexandD,,12,44,2,35,8,201,50,251,0.800796812749,0.0478087649402,0.175298804781,0.00796812749004,0.45045045045,0.983268983269,o_handler
Farrel T,,12,6,13,4,0,12,148,160,0.075,0.075,0.0375,0.08125,0.662162162162,0.390604890605,d_cutter
Ray N,,12,15,18,14,4,204,28,232,0.879310344828,0.051724137931,0.0646551724138,0.0775862068966,0.489703989704,0.628056628057,o_handler
Anthon M,,12,4,3,10,4,93,91,184,0.505434782609,0.0652173913043,0.0217391304348,0.0163043478261,0.597168597169,0.199485199485,d_cutter
LeMar M,,12,24,8,20,1,22,228,250,0.088,0.048,0.096,0.032,0.453024453024,0.810810810811,d_handler
Bouche E,,12,9,2,3,0,49,22,71,0.69014084507,0.169014084507,0.12676056338,0.0281690140845,0.960102960103,0.895109395109,o_cutter
Harrison,,12,16,8,11,3,29,192,221,0.131221719457,0.0542986425339,0.0723981900452,0.0361990950226,0.503217503218,0.674388674389,d_handler
S Sears,,12,5,12,3,1,32,114,146,0.219178082192,0.0821917808219,0.0342465753425,0.0821917808219,0.714285714286,0.332046332046,d_cutter
Brad S,,12,10,12,18,0,53,160,213,0.24882629108,0.056338028169,0.0469483568075,0.056338028169,0.530244530245,0.474903474903,d_cutter
Delgad F,,12,6,7,6,3,7,135,142,0.0492957746479,0.0845070422535,0.0422535211268,0.0492957746479,0.727155727156,0.440154440154,d_cutter
Justin I,,11,4,6,16,0,51,68,119,0.428571428571,0.0924369747899,0.0336134453782,0.0504201680672,0.763191763192,0.324324324324,d_cutter
Toine A,,11,15,2,18,2,205,24,229,0.89519650655,0.0480349344978,0.0655021834061,0.00873362445415,0.454311454311,0.631917631918,o_handler
M Spear,,11,27,17,31,2,42,200,242,0.173553719008,0.0454545454545,0.111570247934,0.0702479338843,0.431145431145,0.862290862291,d_handler
M. Poole,,11,16,2,7,3,162,15,177,0.915254237288,0.0621468926554,0.090395480226,0.0112994350282,0.576576576577,0.785070785071,o_cutter
Hart S,,11,4,14,3,0,22,134,156,0.141025641026,0.0705128205128,0.025641025641,0.0897435897436,0.625482625483,0.241312741313,d_cutter
Hirst N.,,11,9,2,5,3,120,35,155,0.774193548387,0.0709677419355,0.058064516129,0.0129032258065,0.630630630631,0.567567567568,o_cutter
Felix D,,11,14,13,9,1,46,127,173,0.265895953757,0.0635838150289,0.0809248554913,0.0751445086705,0.590733590734,0.72972972973,d_handler
Boucher,,11,2,2,4,3,36,17,53,0.679245283019,0.207547169811,0.0377358490566,0.0377358490566,0.984555984556,0.393822393822,o_cutter
JanssenD,,11,9,3,9,2,126,20,146,0.86301369863,0.0753424657534,0.0616438356164,0.0205479452055,0.666666666667,0.608108108108,o_cutter
Chatte S,,11,7,5,6,1,63,42,105,0.6,0.104761904762,0.0666666666667,0.047619047619,0.833976833977,0.638352638353,o_cutter
Sincla M,,11,20,10,16,3,91,168,259,0.351351351351,0.042471042471,0.0772200772201,0.03861003861,0.402831402831,0.702702702703,d_handler
Uber,,11,3,11,5,1,35,112,147,0.238095238095,0.0748299319728,0.0204081632653,0.0748299319728,0.658944658945,0.182754182754,d_cutter
Bates J,,11,1,6,1,4,32,162,194,0.164948453608,0.0567010309278,0.00515463917526,0.0309278350515,0.537966537967,0.102316602317,d_cutter
R Runner,,11,17,19,21,0,52,206,258,0.201550387597,0.0426356589147,0.0658914728682,0.0736434108527,0.404118404118,0.634491634492,d_handler
Van Ar K,,11,5,6,5,1,19,118,137,0.138686131387,0.0802919708029,0.036496350365,0.043795620438,0.705276705277,0.369369369369,d_cutter
Nord A,,11,14,4,12,4,87,22,109,0.798165137615,0.100917431193,0.128440366972,0.0366972477064,0.818532818533,0.899613899614,o_cutter
Lien J,,11,16,11,16,1,119,97,216,0.550925925926,0.0509259259259,0.0740740740741,0.0509259259259,0.481338481338,0.684684684685,d_handler
A Drews,,11,27,8,25,1,43,172,215,0.2,0.0511627906977,0.125581395349,0.0372093023256,0.482625482625,0.890604890605,d_handler
Animal,,10,9,7,12,1,96,15,111,0.864864864865,0.0900900900901,0.0810810810811,0.0630630630631,0.751608751609,0.732947232947,o_cutter
Archie,,10,11,8,3,1,22,173,195,0.112820512821,0.0512820512821,0.0564102564103,0.0410256410256,0.483912483912,0.559845559846,d_handler
Ben F,,10,16,15,19,7,109,147,256,0.42578125,0.0390625,0.0625,0.05859375,0.365508365508,0.613256113256,d_handler
Lance N,,10,14,12,14,2,64,147,211,0.303317535545,0.0473933649289,0.0663507109005,0.0568720379147,0.446589446589,0.635778635779,d_handler
Haser N,,10,1,8,1,0,2,84,86,0.0232558139535,0.116279069767,0.0116279069767,0.093023255814,0.867438867439,0.128056628057,d_cutter
Jeffer J,,10,24,9,17,0,82,135,217,0.377880184332,0.0460829493088,0.110599078341,0.0414746543779,0.435006435006,0.857786357786,d_handler
Vock,,10,2,6,2,4,38,56,94,0.404255319149,0.106382978723,0.0212765957447,0.063829787234,0.839124839125,0.194980694981,d_cutter
Adrian,,10,13,4,14,0,152,40,192,0.791666666667,0.0520833333333,0.0677083333333,0.0208333333333,0.492921492921,0.646718146718,o_handler
Peters B,,10,4,10,12,0,12,133,145,0.0827586206897,0.0689655172414,0.0275862068966,0.0689655172414,0.614543114543,0.259974259974,d_cutter
Chard R,,10,7,4,4,1,41,100,141,0.290780141844,0.0709219858156,0.0496453900709,0.0283687943262,0.629343629344,0.495495495495,d_cutter
Soldini,,10,1,2,9,1,86,43,129,0.666666666667,0.077519379845,0.0077519379845,0.015503875969,0.67824967825,0.109395109395,d_cutter
SchmidtR,,10,5,9,6,2,16,108,124,0.129032258065,0.0806451612903,0.0403225806452,0.0725806451613,0.707850707851,0.419562419562,d_cutter
Carrol K,,10,2,9,5,4,24,154,178,0.134831460674,0.0561797752809,0.0112359550562,0.0505617977528,0.528957528958,0.124839124839,d_cutter
Gab M,,10,9,18,21,0,43,202,245,0.175510204082,0.0408163265306,0.0367346938776,0.0734693877551,0.390604890605,0.377091377091,d_roleplayer
Moore M,,10,6,7,5,1,11,210,221,0.0497737556561,0.0452488687783,0.027149321267,0.0316742081448,0.428571428571,0.256113256113,d_roleplayer
N Thib,,10,12,3,2,3,64,8,72,0.888888888889,0.138888888889,0.166666666667,0.0416666666667,0.916988416988,0.973616473616,o_cutter
Chris M,,10,14,3,13,3,197,42,239,0.824267782427,0.0418410041841,0.0585774058577,0.0125523012552,0.397683397683,0.57528957529,o_handler
Nicker J,,10,4,8,4,1,38,176,214,0.177570093458,0.0467289719626,0.018691588785,0.0373831775701,0.442728442728,0.176319176319,d_roleplayer
Rasmus E,,10,16,8,22,3,112,82,194,0.577319587629,0.0515463917526,0.0824742268041,0.0412371134021,0.48712998713,0.745173745174,o_handler
Max K,,10,4,0,4,4,97,13,110,0.881818181818,0.0909090909091,0.0363636363636,0.0,0.754826254826,0.364864864865,o_cutter
Shramk L,,10,9,5,5,4,74,31,105,0.704761904762,0.0952380952381,0.0857142857143,0.047619047619,0.787644787645,0.765765765766,o_cutter
Brody J,,10,3,2,5,2,4,96,100,0.04,0.1,0.03,0.02,0.812741312741,0.287644787645,d_cutter
Ojo R.,,10,6,25,7,6,7,142,149,0.0469798657718,0.0671140939597,0.0402684563758,0.167785234899,0.607464607465,0.417631917632,d_cutter
Dieter B,,10,11,0,2,4,123,17,140,0.878571428571,0.0714285714286,0.0785714285714,0.0,0.637065637066,0.712998712999,o_cutter
DeAmic J,,10,0,9,2,0,4,139,143,0.027972027972,0.0699300699301,0.0,0.0629370629371,0.620334620335,0.0482625482625,d_cutter
Hampso D,,10,11,5,27,2,184,48,232,0.793103448276,0.0431034482759,0.0474137931034,0.0215517241379,0.405405405405,0.478764478764,o_handler
Mike M,,10,6,11,4,1,22,147,169,0.130177514793,0.0591715976331,0.0355029585799,0.0650887573964,0.559845559846,0.351994851995,d_cutter
RaniiD M,,9,37,11,8,1,95,104,199,0.477386934673,0.0452261306533,0.185929648241,0.0552763819095,0.427284427284,0.98712998713,d_handler
Corbet H,,9,10,7,6,0,43,106,149,0.288590604027,0.0604026845638,0.0671140939597,0.0469798657718,0.563706563707,0.640926640927,d_handler
Kelly K,,9,9,4,16,3,134,30,164,0.817073170732,0.0548780487805,0.0548780487805,0.0243902439024,0.509009009009,0.546975546976,o_handler
Kelley S,,9,6,10,2,2,42,121,163,0.257668711656,0.0552147239264,0.0368098159509,0.0613496932515,0.517374517375,0.379021879022,d_cutter
Porter K,,9,9,8,11,3,85,60,145,0.586206896552,0.0620689655172,0.0620689655172,0.0551724137931,0.57528957529,0.610038610039,o_cutter
Cretel J,,9,18,14,18,4,70,233,303,0.23102310231,0.029702970297,0.0594059405941,0.046204620462,0.266409266409,0.586229086229,d_handler
Earles P,,9,61,6,35,3,193,40,233,0.828326180258,0.0386266094421,0.261802575107,0.0257510729614,0.36036036036,0.997425997426,o_handler
Dresch J,,9,27,29,33,3,88,86,174,0.505747126437,0.051724137931,0.155172413793,0.166666666667,0.489703989704,0.96138996139,d_handler
Russel M,,9,6,11,3,0,20,109,129,0.15503875969,0.0697674418605,0.046511627907,0.0852713178295,0.617760617761,0.471685971686,d_cutter
Kennedy,,9,4,4,14,2,19,97,116,0.163793103448,0.0775862068966,0.0344827586207,0.0344827586207,0.679536679537,0.335263835264,d_cutter
Yun J,,9,2,10,9,3,38,70,108,0.351851851852,0.0833333333333,0.0185185185185,0.0925925925926,0.720077220077,0.172458172458,d_cutter
Jon B,,9,6,13,9,2,69,143,212,0.325471698113,0.0424528301887,0.0283018867925,0.061320754717,0.401544401544,0.27027027027,d_roleplayer
T Spinks,,9,7,17,8,1,36,194,230,0.15652173913,0.0391304347826,0.0304347826087,0.0739130434783,0.368082368082,0.294723294723,d_roleplayer
Cocks K,,9,8,5,12,4,27,175,202,0.133663366337,0.0445544554455,0.039603960396,0.0247524752475,0.418275418275,0.413127413127,d_roleplayer
Lore K,,9,8,2,13,3,173,54,227,0.762114537445,0.0396475770925,0.0352422907489,0.00881057268722,0.375804375804,0.346846846847,o_handler
Watanabe,,9,5,7,4,1,10,152,162,0.0617283950617,0.0555555555556,0.0308641975309,0.0432098765432,0.521879021879,0.297297297297,d_cutter
Hights S,,9,5,2,2,1,36,17,53,0.679245283019,0.169811320755,0.0943396226415,0.0377358490566,0.963963963964,0.796653796654,o_cutter
Best J,,9,23,11,32,2,124,135,259,0.478764478764,0.034749034749,0.0888030888031,0.042471042471,0.332046332046,0.776061776062,d_handler
Stone J,,9,19,6,27,4,243,31,274,0.886861313869,0.0328467153285,0.0693430656934,0.021897810219,0.30888030888,0.656370656371,o_handler
Grant T,,9,15,9,15,1,50,175,225,0.222222222222,0.04,0.0666666666667,0.04,0.378378378378,0.638352638353,d_handler
McFady C,,9,8,5,3,2,68,72,140,0.485714285714,0.0642857142857,0.0571428571429,0.0357142857143,0.594594594595,0.561132561133,d_handler
Goode R,,9,3,2,7,2,65,55,120,0.541666666667,0.075,0.025,0.0166666666667,0.662162162162,0.232303732304,d_cutter
Barry I,,9,1,3,13,3,151,43,194,0.778350515464,0.0463917525773,0.00515463917526,0.0154639175258,0.440154440154,0.102316602317,o_handler
Breault,,9,20,4,9,2,41,123,164,0.25,0.0548780487805,0.121951219512,0.0243902439024,0.509009009009,0.885456885457,d_handler
Carlet P,,9,10,7,21,0,38,154,192,0.197916666667,0.046875,0.0520833333333,0.0364583333333,0.444015444015,0.52380952381,d_handler
Todd,,9,3,5,8,0,117,27,144,0.8125,0.0625,0.0208333333333,0.0347222222222,0.581724581725,0.186615186615,o_handler
Linn D,,8,13,12,7,1,52,234,286,0.181818181818,0.027972027972,0.0454545454545,0.041958041958,0.250965250965,0.465894465894,d_roleplayer
Pope T,,8,4,5,6,0,4,135,139,0.0287769784173,0.0575539568345,0.0287769784173,0.0359712230216,0.542471042471,0.272844272844,d_cutter
Strass F,,8,3,10,3,1,35,110,145,0.241379310345,0.0551724137931,0.0206896551724,0.0689655172414,0.514157014157,0.184041184041,d_cutter
Surman A,,8,5,5,0,2,79,42,121,0.652892561983,0.0661157024793,0.0413223140496,0.0413223140496,0.604890604891,0.432432432432,o_handler
Peck E,,8,38,7,49,5,174,68,242,0.719008264463,0.0330578512397,0.157024793388,0.0289256198347,0.310810810811,0.962676962677,o_handler
Tejpar R,,8,16,13,20,2,130,73,203,0.64039408867,0.0394088669951,0.0788177339901,0.064039408867,0.370656370656,0.714285714286,o_handler
Zhou M,,8,13,6,6,2,16,239,255,0.0627450980392,0.0313725490196,0.0509803921569,0.0235294117647,0.288288288288,0.51093951094,d_handler
Oli S,,8,14,5,12,4,46,112,158,0.291139240506,0.0506329113924,0.0886075949367,0.0316455696203,0.47619047619,0.774774774775,d_handler
Mast J,,8,9,7,15,1,200,102,302,0.662251655629,0.0264900662252,0.0298013245033,0.023178807947,0.238095238095,0.284427284427,o_handler
Yue,,8,4,5,1,3,9,134,143,0.0629370629371,0.0559440559441,0.027972027972,0.034965034965,0.52574002574,0.266409266409,d_cutter
Slovan N,,8,7,3,11,3,103,25,128,0.8046875,0.0625,0.0546875,0.0234375,0.581724581725,0.545688545689,o_handler
Schwar A,,8,5,4,6,2,44,138,182,0.241758241758,0.043956043956,0.0274725274725,0.021978021978,0.413127413127,0.258687258687,d_roleplayer
Matthe R,,8,3,6,1,1,8,200,208,0.0384615384615,0.0384615384615,0.0144230769231,0.0288461538462,0.35842985843,0.138996138996,d_roleplayer
O'Brie M,,8,16,4,16,4,175,25,200,0.875,0.04,0.08,0.02,0.378378378378,0.720077220077,o_handler
Ng S,,8,10,7,19,4,118,93,211,0.559241706161,0.0379146919431,0.0473933649289,0.0331753554502,0.353925353925,0.477477477477,o_handler
Lenon A,,8,19,2,12,0,110,27,137,0.802919708029,0.0583941605839,0.138686131387,0.014598540146,0.54954954955,0.924066924067,o_cutter
McGregoJ,,8,2,5,5,3,15,80,95,0.157894736842,0.0842105263158,0.0210526315789,0.0526315789474,0.725225225225,0.192406692407,d_cutter
Willia J,,8,7,5,2,3,39,24,63,0.619047619048,0.126984126984,0.111111111111,0.0793650793651,0.893822393822,0.859716859717,o_cutter
McKnight,,8,39,8,37,1,279,45,324,0.861111111111,0.0246913580247,0.12037037037,0.0246913580247,0.226512226512,0.881595881596,o_handler
Mccart C,,8,8,4,24,0,133,79,212,0.627358490566,0.0377358490566,0.0377358490566,0.0188679245283,0.351351351351,0.393822393822,o_handler
Saul N,,8,16,8,13,2,99,103,202,0.490099009901,0.039603960396,0.0792079207921,0.039603960396,0.373873873874,0.71685971686,d_handler
Welchm D,,8,6,5,4,3,78,85,163,0.478527607362,0.0490797546012,0.0368098159509,0.0306748466258,0.458172458172,0.379021879022,d_cutter
Steine M,,8,9,13,15,2,42,139,181,0.232044198895,0.0441988950276,0.0497237569061,0.0718232044199,0.414414414414,0.496782496782,d_handler
A Brown,,8,24,6,14,5,187,26,213,0.8779342723,0.037558685446,0.112676056338,0.0281690140845,0.350064350064,0.866151866152,o_handler
Jones M.,,8,15,6,8,1,110,135,245,0.448979591837,0.0326530612245,0.0612244897959,0.0244897959184,0.305019305019,0.603603603604,d_handler
Jack K,,8,3,1,4,1,31,108,139,0.223021582734,0.0575539568345,0.0215827338129,0.00719424460432,0.542471042471,0.198198198198,d_cutter
Crawfo M,,8,11,5,7,0,8,141,149,0.0536912751678,0.0536912751678,0.0738255033557,0.0335570469799,0.499356499356,0.682110682111,d_handler
Cook S,,8,3,6,2,0,14,129,143,0.0979020979021,0.0559440559441,0.020979020979,0.041958041958,0.52574002574,0.190476190476,d_cutter
Chang S,,8,33,4,28,3,206,25,231,0.891774891775,0.034632034632,0.142857142857,0.017316017316,0.329472329472,0.929858429858,o_handler
Jarnai B,,8,26,5,37,2,220,27,247,0.890688259109,0.0323886639676,0.105263157895,0.0202429149798,0.299871299871,0.844272844273,o_handler
Cecil J,,8,0,7,3,2,3,88,91,0.032967032967,0.0879120879121,0.0,0.0769230769231,0.74453024453,0.0482625482625,d_cutter
Brinkm E,,8,10,8,11,1,63,144,207,0.304347826087,0.0386473429952,0.048309178744,0.0386473429952,0.361647361647,0.487773487773,d_handler
Flock D,,8,2,2,3,0,67,45,112,0.598214285714,0.0714285714286,0.0178571428571,0.0178571428571,0.637065637066,0.168597168597,d_cutter
Guerin I,,8,5,14,4,0,6,107,113,0.0530973451327,0.070796460177,0.0442477876106,0.12389380531,0.628056628057,0.46332046332,d_cutter
Hanke N,,8,7,15,14,2,58,87,145,0.4,0.0551724137931,0.048275862069,0.103448275862,0.514157014157,0.486486486486,d_handler
Bacon T,,8,18,2,22,0,64,44,108,0.592592592593,0.0740740740741,0.166666666667,0.0185185185185,0.653153153153,0.973616473616,o_cutter
Ierardi,,8,12,10,10,4,23,203,226,0.101769911504,0.0353982300885,0.0530973451327,0.0442477876106,0.33462033462,0.535392535393,d_handler
Phil T,,7,6,18,7,1,33,158,191,0.17277486911,0.0366492146597,0.0314136125654,0.0942408376963,0.34749034749,0.305019305019,d_roleplayer
HaigJ,,7,6,0,6,4,107,14,121,0.884297520661,0.0578512396694,0.0495867768595,0.0,0.545045045045,0.494208494208,o_handler
Gardne M,,7,4,19,9,1,28,146,174,0.16091954023,0.0402298850575,0.0229885057471,0.109195402299,0.381595881596,0.213642213642,d_roleplayer
Naruo D,,7,15,7,2,3,71,50,121,0.586776859504,0.0578512396694,0.123966942149,0.0578512396694,0.545045045045,0.886743886744,o_cutter
Leo P,,7,4,1,4,2,61,74,135,0.451851851852,0.0518518518519,0.0296296296296,0.00740740740741,0.491634491634,0.279922779923,d_cutter
Neil,,7,6,5,4,2,30,99,129,0.232558139535,0.0542635658915,0.046511627907,0.0387596899225,0.501930501931,0.471685971686,d_handler
Latz J,,7,9,8,16,2,114,10,124,0.91935483871,0.0564516129032,0.0725806451613,0.0645161290323,0.532175032175,0.676962676963,o_handler
Meron J,,7,6,5,6,1,3,86,89,0.0337078651685,0.0786516853933,0.0674157303371,0.0561797752809,0.687258687259,0.642213642214,d_handler
Richar D,,7,1,29,1,1,11,211,222,0.0495495495495,0.0315315315315,0.0045045045045,0.130630630631,0.290862290862,0.0990990990991,d_roleplayer
R James,,7,2,6,2,0,11,114,125,0.088,0.056,0.016,0.048,0.527670527671,0.155083655084,d_cutter
Lahey T,,7,20,1,27,1,114,180,294,0.387755102041,0.0238095238095,0.0680272108844,0.00340136054422,0.218146718147,0.649292149292,d_handler
Silver J,,7,7,9,8,1,44,158,202,0.217821782178,0.0346534653465,0.0346534653465,0.0445544554455,0.330759330759,0.339124839125,d_roleplayer
Bushek A,,7,14,7,17,4,69,110,179,0.385474860335,0.0391061452514,0.0782122905028,0.0391061452514,0.366795366795,0.709137709138,d_handler
Startz C,,7,2,3,8,2,103,23,126,0.81746031746,0.0555555555556,0.015873015873,0.0238095238095,0.521879021879,0.153153153153,o_handler
Thorne M,,7,4,1,5,0,42,5,47,0.893617021277,0.148936170213,0.0851063829787,0.0212765957447,0.93564993565,0.764478764479,o_cutter
Bender S,,7,16,6,10,4,18,219,237,0.0759493670886,0.0295358649789,0.0675105485232,0.0253164556962,0.263835263835,0.643500643501,d_handler
Troy H,,7,5,6,5,2,22,82,104,0.211538461538,0.0673076923077,0.0480769230769,0.0576923076923,0.608751608752,0.483268983269,d_cutter
Ventur B,,7,6,1,23,2,173,11,184,0.940217391304,0.0380434782609,0.0326086956522,0.0054347826087,0.355212355212,0.314671814672,o_handler
Wharton,,7,10,4,6,2,42,129,171,0.245614035088,0.0409356725146,0.0584795321637,0.0233918128655,0.392535392535,0.570785070785,d_handler
Wissel T,,7,13,2,6,0,19,136,155,0.122580645161,0.0451612903226,0.0838709677419,0.0129032258065,0.425997425997,0.75546975547,d_handler
Wolf K,,7,20,3,25,3,112,98,210,0.533333333333,0.0333333333333,0.0952380952381,0.0142857142857,0.315958815959,0.803088803089,d_handler
Lai A,,7,9,2,16,1,155,19,174,0.890804597701,0.0402298850575,0.051724137931,0.0114942528736,0.381595881596,0.519305019305,o_handler
DW,,7,5,7,1,2,39,133,172,0.226744186047,0.0406976744186,0.0290697674419,0.0406976744186,0.388674388674,0.274131274131,d_roleplayer
K Alex,,7,5,4,6,1,26,118,144,0.180555555556,0.0486111111111,0.0347222222222,0.0277777777778,0.455598455598,0.342342342342,d_roleplayer
Karlin D,,7,23,4,18,4,192,48,240,0.8,0.0291666666667,0.0958333333333,0.0166666666667,0.259974259974,0.808236808237,o_handler
Kevin Gu,,6,7,10,14,0,24,161,185,0.12972972973,0.0324324324324,0.0378378378378,0.0540540540541,0.301158301158,0.396396396396,d_roleplayer
Rooffe D,,6,3,1,4,4,11,69,80,0.1375,0.075,0.0375,0.0125,0.662162162162,0.390604890605,d_cutter
Rory,,6,4,0,2,0,42,7,49,0.857142857143,0.122448979592,0.0816326530612,0.0,0.881595881596,0.739382239382,o_cutter
Reis S,,6,10,14,5,6,29,104,133,0.218045112782,0.0451127819549,0.0751879699248,0.105263157895,0.42471042471,0.689832689833,d_handler
Gerber C,,6,4,1,1,1,32,30,62,0.516129032258,0.0967741935484,0.0645161290323,0.0161290322581,0.797297297297,0.625482625483,o_cutter
Besser,,6,23,5,17,5,199,16,215,0.925581395349,0.0279069767442,0.106976744186,0.0232558139535,0.249678249678,0.851994851995,o_handler
Raina,,6,6,9,11,3,169,47,216,0.782407407407,0.0277777777778,0.0277777777778,0.0416666666667,0.247104247104,0.262548262548,o_handler
Pebley A,,6,4,1,2,0,19,78,97,0.19587628866,0.0618556701031,0.0412371134021,0.0103092783505,0.574002574003,0.431145431145,d_cutter
Matt R,,6,7,1,7,1,23,168,191,0.120418848168,0.0314136125654,0.0366492146597,0.00523560209424,0.289575289575,0.374517374517,d_roleplayer
Mackenzi,,6,3,6,1,2,4,58,62,0.0645161290323,0.0967741935484,0.0483870967742,0.0967741935484,0.797297297297,0.48906048906,d_cutter
Sammon A,,6,4,5,10,2,158,11,169,0.934911242604,0.0355029585799,0.0236686390533,0.0295857988166,0.335907335907,0.217503217503,o_handler
Chen D,,6,2,1,1,0,3,34,37,0.0810810810811,0.162162162162,0.0540540540541,0.027027027027,0.951093951094,0.541827541828,d_cutter
Dixon G,,6,22,6,25,5,96,115,211,0.454976303318,0.0284360189573,0.104265402844,0.0284360189573,0.254826254826,0.840411840412,d_handler
Hubbar B,,6,6,7,13,3,66,98,164,0.40243902439,0.0365853658537,0.0365853658537,0.0426829268293,0.34555984556,0.371943371943,d_roleplayer
Ludwig K,,6,7,2,5,0,64,11,75,0.853333333333,0.08,0.0933333333333,0.0266666666667,0.700772200772,0.791505791506,o_cutter
Lehman S,,6,1,0,2,0,45,24,69,0.652173913043,0.0869565217391,0.0144927536232,0.0,0.738738738739,0.140926640927,d_cutter
Miller C,,6,15,10,6,4,94,196,290,0.324137931034,0.0206896551724,0.051724137931,0.0344827586207,0.196911196911,0.519305019305,d_handler
Fox Cody,,6,8,3,21,4,138,84,222,0.621621621622,0.027027027027,0.036036036036,0.0135135135135,0.2425997426,0.357786357786,o_handler
Larocque,,6,10,4,7,2,45,50,95,0.473684210526,0.0631578947368,0.105263157895,0.0421052631579,0.586872586873,0.844272844273,d_handler
Norris J,,6,34,0,22,1,195,18,213,0.915492957746,0.0281690140845,0.159624413146,0.0,0.252252252252,0.969111969112,o_handler
North K,,6,13,13,10,4,36,156,192,0.1875,0.03125,0.0677083333333,0.0677083333333,0.285714285714,0.646718146718,d_handler
Nether J,,6,26,6,22,2,142,52,194,0.731958762887,0.0309278350515,0.134020618557,0.0309278350515,0.281853281853,0.908622908623,o_handler
Lambor E,,6,0,10,4,2,30,104,134,0.223880597015,0.044776119403,0.0,0.0746268656716,0.420849420849,0.0482625482625,d_roleplayer
Kotwa T.,,6,2,5,0,0,4,74,78,0.0512820512821,0.0769230769231,0.025641025641,0.0641025641026,0.675675675676,0.241312741313,d_cutter
Lee S,,6,6,1,9,5,66,36,102,0.647058823529,0.0588235294118,0.0588235294118,0.00980392156863,0.553410553411,0.578507078507,o_handler
Allen T,,6,10,5,17,1,122,26,148,0.824324324324,0.0405405405405,0.0675675675676,0.0337837837838,0.386743886744,0.644787644788,o_handler
Kyle Rom,,6,0,1,0,0,15,43,58,0.258620689655,0.103448275862,0.0,0.0172413793103,0.831402831403,0.0482625482625,d_cutter
Nardel E,,6,3,3,3,1,14,31,45,0.311111111111,0.133333333333,0.0666666666667,0.0666666666667,0.906692406692,0.638352638353,d_cutter
Ames M,,6,36,2,27,4,245,35,280,0.875,0.0214285714286,0.128571428571,0.00714285714286,0.202059202059,0.901544401544,o_handler
Bryson M,,6,7,7,6,2,33,135,168,0.196428571429,0.0357142857143,0.0416666666667,0.0416666666667,0.338481338481,0.436293436293,d_roleplayer
Dunn T,,6,5,5,5,2,18,159,177,0.101694915254,0.0338983050847,0.0282485875706,0.0282485875706,0.321106821107,0.268983268983,d_roleplayer
McGoog J,,6,7,5,3,2,60,58,118,0.508474576271,0.0508474576271,0.0593220338983,0.0423728813559,0.480051480051,0.584298584299,d_handler
Chen W,,5,7,4,9,1,85,113,198,0.429292929293,0.0252525252525,0.0353535353535,0.020202020202,0.230373230373,0.349420849421,d_roleplayer
Matzuka,,5,40,18,31,2,129,184,313,0.41214057508,0.0159744408946,0.127795527157,0.0575079872204,0.149292149292,0.898326898327,d_handler
Schanz R,,5,1,3,2,1,16,53,69,0.231884057971,0.0724637681159,0.0144927536232,0.0434782608696,0.647361647362,0.140926640927,d_cutter
Cheek J,,5,5,2,1,0,4,62,66,0.0606060606061,0.0757575757576,0.0757575757576,0.030303030303,0.669240669241,0.69305019305,d_handler
Russel A,,5,18,10,28,3,97,109,206,0.470873786408,0.0242718446602,0.0873786407767,0.0485436893204,0.221364221364,0.76833976834,d_handler
Rosso S,,5,3,4,3,1,23,47,70,0.328571428571,0.0714285714286,0.0428571428571,0.0571428571429,0.637065637066,0.444658944659,d_cutter
Max,,5,1,8,4,4,7,83,90,0.0777777777778,0.0555555555556,0.0111111111111,0.0888888888889,0.521879021879,0.123552123552,d_cutter
Zukows G,,5,3,4,4,1,13,88,101,0.128712871287,0.049504950495,0.029702970297,0.039603960396,0.460746460746,0.282496782497,d_roleplayer
Chris L,,5,3,3,1,5,19,105,124,0.153225806452,0.0403225806452,0.0241935483871,0.0241935483871,0.38416988417,0.224581724582,d_roleplayer
Rich L,,5,0,6,1,3,26,86,112,0.232142857143,0.0446428571429,0.0,0.0535714285714,0.419562419562,0.0482625482625,d_roleplayer
Clark B,,5,4,12,4,4,32,159,191,0.167539267016,0.0261780104712,0.020942408377,0.0628272251309,0.236808236808,0.189189189189,d_roleplayer
Gilson,,5,7,7,12,7,111,61,172,0.645348837209,0.0290697674419,0.0406976744186,0.0406976744186,0.258687258687,0.425997425997,o_handler
FroatsC,,5,9,5,5,3,28,141,169,0.165680473373,0.0295857988166,0.0532544378698,0.0295857988166,0.265122265122,0.53667953668,d_handler
Fred P,,5,8,8,12,2,73,100,173,0.421965317919,0.028901734104,0.0462427745665,0.0462427745665,0.256113256113,0.467181467181,d_handler
Mogiel S,,5,8,8,4,1,4,146,150,0.0266666666667,0.0333333333333,0.0533333333333,0.0533333333333,0.315958815959,0.537966537967,d_handler
Dan M,,5,8,3,18,1,168,36,204,0.823529411765,0.0245098039216,0.0392156862745,0.0147058823529,0.223938223938,0.40990990991,o_handler
Mostaghi,,5,10,3,5,2,18,96,114,0.157894736842,0.0438596491228,0.0877192982456,0.0263157894737,0.411196911197,0.773487773488,d_handler
Perales,,5,24,11,20,4,149,134,283,0.526501766784,0.017667844523,0.0848056537102,0.0388692579505,0.163449163449,0.759330759331,o_handler
Olson E,,5,24,2,26,1,152,14,166,0.915662650602,0.0301204819277,0.144578313253,0.0120481927711,0.268983268983,0.93564993565,o_handler
F Wooten,,5,4,8,4,1,44,58,102,0.43137254902,0.0490196078431,0.0392156862745,0.078431372549,0.456885456885,0.40990990991,d_cutter
Natali M,,5,2,5,2,0,1,113,114,0.00877192982456,0.0438596491228,0.0175438596491,0.0438596491228,0.411196911197,0.16537966538,d_roleplayer
Jager,,5,8,3,11,1,184,13,197,0.934010152284,0.0253807106599,0.0406091370558,0.0152284263959,0.23166023166,0.42471042471,o_handler
MattSteg,,5,2,2,2,0,25,24,49,0.510204081633,0.102040816327,0.0408163265306,0.0408163265306,0.823037323037,0.427927927928,d_cutter
Schopl D,,5,5,4,1,0,31,45,76,0.407894736842,0.0657894736842,0.0657894736842,0.0526315789474,0.601673101673,0.633204633205,d_handler
Norden J,,5,13,3,14,1,139,43,182,0.763736263736,0.0274725274725,0.0714285714286,0.0164835164835,0.24453024453,0.670527670528,o_handler
Lee R,,5,7,3,13,1,57,138,195,0.292307692308,0.025641025641,0.0358974358974,0.0153846153846,0.234234234234,0.356499356499,d_roleplayer
Baker B,,5,0,2,2,1,9,97,106,0.0849056603774,0.0471698113208,0.0,0.0188679245283,0.445302445302,0.0482625482625,d_roleplayer
Lien A,,5,9,8,23,1,188,34,222,0.846846846847,0.0225225225225,0.0405405405405,0.036036036036,0.209781209781,0.421492921493,o_handler
Terry K,,5,44,9,45,4,192,70,262,0.732824427481,0.0190839694656,0.167938931298,0.0343511450382,0.177606177606,0.975546975547,o_handler
Bolton J,,5,10,9,11,4,56,105,161,0.347826086957,0.0310559006211,0.0621118012422,0.055900621118,0.28314028314,0.611325611326,d_handler
Hastin J,,5,1,3,4,0,2,72,74,0.027027027027,0.0675675675676,0.0135135135135,0.0405405405405,0.610038610039,0.137709137709,d_cutter
Hartzo J,,5,3,4,3,0,2,80,82,0.0243902439024,0.0609756097561,0.0365853658537,0.0487804878049,0.566280566281,0.371943371943,d_cutter
Wallis S,,5,15,1,10,2,73,35,108,0.675925925926,0.0462962962963,0.138888888889,0.00925925925926,0.438223938224,0.925353925354,o_handler
Sulliv B,,5,1,3,1,2,35,76,111,0.315315315315,0.045045045045,0.00900900900901,0.027027027027,0.423423423423,0.115186615187,d_roleplayer
Awerbu B,,5,5,3,13,0,85,44,129,0.658914728682,0.0387596899225,0.0387596899225,0.0232558139535,0.362934362934,0.404118404118,o_handler
Bridge N,,5,5,2,3,0,30,65,95,0.315789473684,0.0526315789474,0.0526315789474,0.0210526315789,0.494851994852,0.530888030888,d_handler
Wetzel N,,5,1,6,8,2,47,54,101,0.465346534653,0.049504950495,0.00990099009901,0.0594059405941,0.460746460746,0.119691119691,d_cutter
Hannon W,,5,8,3,14,3,167,3,170,0.982352941176,0.0294117647059,0.0470588235294,0.0176470588235,0.261904761905,0.47619047619,o_handler
Hunter M,,5,3,2,3,3,20,112,132,0.151515151515,0.0378787878788,0.0227272727273,0.0151515151515,0.352638352638,0.211068211068,d_roleplayer
Lim,,5,4,0,4,0,43,14,57,0.754385964912,0.0877192982456,0.0701754385965,0.0,0.7425997426,0.663449163449,o_cutter
A Olsen,,5,3,6,3,1,7,117,124,0.0564516129032,0.0403225806452,0.0241935483871,0.0483870967742,0.38416988417,0.224581724582,d_roleplayer
Alex J,,5,4,5,5,2,19,89,108,0.175925925926,0.0462962962963,0.037037037037,0.0462962962963,0.438223938224,0.38416988417,d_roleplayer
Kyle M,,5,2,4,5,3,10,115,125,0.08,0.04,0.016,0.032,0.378378378378,0.155083655084,d_roleplayer
Bryant I,,5,34,6,17,0,40,174,214,0.18691588785,0.0233644859813,0.158878504673,0.0280373831776,0.213642213642,0.963963963964,d_handler
Marcy J,,5,18,5,11,1,149,114,263,0.566539923954,0.0190114068441,0.0684410646388,0.0190114068441,0.176319176319,0.651222651223,o_handler
Grunin A,,5,4,3,5,1,16,94,110,0.145454545455,0.0454545454545,0.0363636363636,0.0272727272727,0.431145431145,0.364864864865,d_roleplayer
Yip C,,5,1,1,6,1,29,68,97,0.298969072165,0.0515463917526,0.0103092783505,0.0103092783505,0.48712998713,0.120978120978,d_cutter
Hammon C,,5,8,5,15,3,71,140,211,0.336492890995,0.0236966824645,0.0379146919431,0.0236966824645,0.216216216216,0.397683397683,d_roleplayer
J Sculli,,5,21,2,11,4,152,60,212,0.716981132075,0.0235849056604,0.0990566037736,0.00943396226415,0.214929214929,0.826254826255,o_handler
PhelanL,,4,7,4,4,0,17,108,125,0.136,0.032,0.056,0.032,0.294723294723,0.557271557272,d_handler
Dafeng,,4,6,3,11,3,60,140,200,0.3,0.02,0.03,0.015,0.19111969112,0.287644787645,d_roleplayer
Davis A,,4,4,16,3,2,25,215,240,0.104166666667,0.0166666666667,0.0166666666667,0.0666666666667,0.151222651223,0.160231660232,d_roleplayer
Dehnbo M,,4,2,10,4,1,10,112,122,0.0819672131148,0.0327868852459,0.016393442623,0.0819672131148,0.30694980695,0.158301158301,d_roleplayer
Anders B,,4,5,5,8,1,27,111,138,0.195652173913,0.0289855072464,0.036231884058,0.036231884058,0.2574002574,0.36036036036,d_roleplayer
Alexan N,,4,11,0,6,2,53,16,69,0.768115942029,0.0579710144928,0.159420289855,0.0,0.546975546976,0.967824967825,o_cutter
Dillow L,,4,3,1,6,0,1,74,75,0.0133333333333,0.0533333333333,0.04,0.0133333333333,0.498069498069,0.415701415701,d_cutter
Allan L,,4,4,9,8,1,23,84,107,0.214953271028,0.0373831775701,0.0373831775701,0.0841121495327,0.348777348777,0.388030888031,d_roleplayer
Esser S,,4,5,4,2,0,28,88,116,0.241379310345,0.0344827586207,0.0431034482759,0.0344827586207,0.326898326898,0.447232947233,d_handler
Barich F,,4,5,2,6,0,44,46,90,0.488888888889,0.0444444444444,0.0555555555556,0.0222222222222,0.416344916345,0.553410553411,d_handler
Antoine,,4,3,6,3,2,10,41,51,0.196078431373,0.078431372549,0.0588235294118,0.117647058824,0.685971685972,0.578507078507,d_cutter
Falat E,,4,3,3,4,1,10,91,101,0.0990099009901,0.039603960396,0.029702970297,0.029702970297,0.373873873874,0.282496782497,d_roleplayer
Jeffer I,,4,7,8,5,1,91,45,136,0.669117647059,0.0294117647059,0.0514705882353,0.0588235294118,0.261904761905,0.517374517375,o_handler
Bechis D,,4,2,0,0,3,7,40,47,0.148936170213,0.0851063829787,0.0425531914894,0.0,0.731016731017,0.442084942085,d_cutter
Ryan A,,4,1,3,2,1,1,66,67,0.0149253731343,0.0597014925373,0.0149253731343,0.044776119403,0.561132561133,0.145431145431,d_cutter
Nic V,,4,7,2,8,5,49,31,80,0.6125,0.05,0.0875,0.025,0.468468468468,0.771557271557,o_handler
Jansen B,,4,3,5,5,4,11,110,121,0.0909090909091,0.0330578512397,0.0247933884298,0.0413223140496,0.310810810811,0.229086229086,d_roleplayer
C Wilen,,4,3,2,1,2,15,82,97,0.154639175258,0.0412371134021,0.0309278350515,0.020618556701,0.393822393822,0.298584298584,d_roleplayer
CharlesB,,4,10,4,4,0,37,216,253,0.146245059289,0.0158102766798,0.0395256916996,0.0158102766798,0.146718146718,0.41184041184,d_roleplayer
Jensen C,,4,7,9,5,1,17,85,102,0.166666666667,0.0392156862745,0.0686274509804,0.0882352941176,0.369369369369,0.65250965251,d_handler
Bush,,4,3,2,13,3,189,13,202,0.935643564356,0.019801980198,0.0148514851485,0.00990099009901,0.187902187902,0.144144144144,o_handler
Slaugh R,,4,0,0,0,0,23,14,37,0.621621621622,0.108108108108,0.0,0.0,0.84749034749,0.0482625482625,d_cutter
Smith K,,4,35,9,27,0,160,132,292,0.547945205479,0.013698630137,0.119863013699,0.0308219178082,0.1287001287,0.880308880309,o_handler
Sam C,,4,8,7,20,5,48,170,218,0.220183486239,0.0183486238532,0.0366972477064,0.0321100917431,0.171171171171,0.375804375804,d_roleplayer
Chiles I,,4,5,5,3,3,16,100,116,0.137931034483,0.0344827586207,0.0431034482759,0.0431034482759,0.326898326898,0.447232947233,d_roleplayer
Smith Z,,4,7,2,5,0,14,118,132,0.106060606061,0.030303030303,0.0530303030303,0.0151515151515,0.273487773488,0.534105534106,d_handler
RSimmons,,4,3,0,2,0,3,47,50,0.06,0.08,0.06,0.0,0.700772200772,0.591377091377,d_cutter
Russ H,,4,1,3,3,3,34,20,54,0.62962962963,0.0740740740741,0.0185185185185,0.0555555555556,0.653153153153,0.172458172458,d_cutter
Stacey J,,4,9,1,0,3,11,49,60,0.183333333333,0.0666666666667,0.15,0.0166666666667,0.606177606178,0.94851994852,d_handler
Brenen C,,4,19,3,19,2,112,117,229,0.489082969432,0.0174672489083,0.0829694323144,0.0131004366812,0.159588159588,0.747747747748,d_handler
Sun Choi,,4,0,1,5,1,4,40,44,0.0909090909091,0.0909090909091,0.0,0.0227272727273,0.754826254826,0.0482625482625,d_cutter
Tam R,,4,0,6,2,0,9,103,112,0.0803571428571,0.0357142857143,0.0,0.0535714285714,0.338481338481,0.0482625482625,d_roleplayer
Reinha S,,4,1,2,0,0,4,76,80,0.05,0.05,0.0125,0.025,0.468468468468,0.131274131274,d_roleplayer
Cain T,,4,3,3,3,1,27,85,112,0.241071428571,0.0357142857143,0.0267857142857,0.0267857142857,0.338481338481,0.251608751609,d_roleplayer
Colicc C,,4,0,4,1,0,2,37,39,0.0512820512821,0.102564102564,0.0,0.102564102564,0.828828828829,0.0482625482625,d_cutter
Rathunde,,4,3,5,3,1,3,40,43,0.0697674418605,0.093023255814,0.0697674418605,0.116279069767,0.770913770914,0.658301158301,d_cutter
Bellin D,,4,11,9,18,0,43,157,200,0.215,0.02,0.055,0.045,0.19111969112,0.548906048906,d_handler
Clay C,,4,3,1,1,2,43,18,61,0.704918032787,0.0655737704918,0.0491803278689,0.016393442623,0.599742599743,0.492921492921,o_handler
RenaudP,,4,3,8,2,2,17,70,87,0.195402298851,0.0459770114943,0.0344827586207,0.0919540229885,0.433719433719,0.335263835264,d_roleplayer
Murphy,,4,3,2,6,0,48,44,92,0.521739130435,0.0434782608696,0.0326086956522,0.0217391304348,0.407979407979,0.314671814672,d_cutter
Morgan S,,4,3,6,3,1,33,46,79,0.417721518987,0.0506329113924,0.0379746835443,0.0759493670886,0.47619047619,0.39897039897,d_cutter
Moore S,,4,0,10,1,3,11,94,105,0.104761904762,0.0380952380952,0.0,0.0952380952381,0.356499356499,0.0482625482625,d_roleplayer
Langdon,,4,4,2,4,0,7,21,28,0.25,0.142857142857,0.142857142857,0.0714285714286,0.925353925354,0.929858429858,o_cutter
Lim J,,4,6,1,4,0,31,12,43,0.720930232558,0.093023255814,0.139534883721,0.0232558139535,0.770913770914,0.926640926641,o_cutter
Heath T,,4,4,4,10,3,35,147,182,0.192307692308,0.021978021978,0.021978021978,0.021978021978,0.204633204633,0.203346203346,d_roleplayer
Nathan D,,4,0,3,1,0,2,37,39,0.0512820512821,0.102564102564,0.0,0.0769230769231,0.828828828829,0.0482625482625,d_cutter
Ikeda C,,4,5,4,6,0,79,148,227,0.348017621145,0.0176211453744,0.0220264317181,0.0176211453744,0.162162162162,0.204633204633,d_roleplayer
Krantz,,4,7,8,20,2,92,142,234,0.393162393162,0.017094017094,0.0299145299145,0.034188034188,0.157014157014,0.285714285714,d_roleplayer
JSS,,4,1,6,3,4,16,63,79,0.20253164557,0.0506329113924,0.0126582278481,0.0759493670886,0.47619047619,0.133204633205,d_roleplayer
Graves D,,4,4,4,4,1,16,112,128,0.125,0.03125,0.03125,0.03125,0.285714285714,0.302445302445,d_roleplayer
Hutton N,,4,20,22,14,3,17,205,222,0.0765765765766,0.018018018018,0.0900900900901,0.0990990990991,0.166023166023,0.782496782497,d_handler
Hanselma,,4,0,1,1,0,11,29,40,0.275,0.1,0.0,0.025,0.812741312741,0.0482625482625,d_cutter
Baumer J,,3,3,3,4,1,43,55,98,0.438775510204,0.030612244898,0.030612244898,0.030612244898,0.278635778636,0.29601029601,d_roleplayer
Saltsman,,3,1,8,7,2,67,163,230,0.291304347826,0.0130434782609,0.00434782608696,0.0347826086957,0.126126126126,0.0978120978121,d_roleplayer
McClel M,,3,2,0,2,1,17,30,47,0.36170212766,0.063829787234,0.0425531914894,0.0,0.592020592021,0.442084942085,d_cutter
Vander B,,3,3,2,2,0,41,79,120,0.341666666667,0.025,0.025,0.0166666666667,0.228442728443,0.232303732304,d_roleplayer
Floyd Z,,3,2,1,0,0,16,78,94,0.170212765957,0.031914893617,0.0212765957447,0.0106382978723,0.293436293436,0.194980694981,d_roleplayer
McKelvey,,3,4,3,2,1,8,84,92,0.0869565217391,0.0326086956522,0.0434782608696,0.0326086956522,0.303088803089,0.454954954955,d_roleplayer
Von,,3,2,1,1,0,6,30,36,0.166666666667,0.0833333333333,0.0555555555556,0.0277777777778,0.720077220077,0.553410553411,d_cutter
Jaffe M,,3,5,6,4,0,11,143,154,0.0714285714286,0.0194805194805,0.0324675324675,0.038961038961,0.185328185328,0.311454311454,d_roleplayer
Reed D,,3,1,5,1,2,11,77,88,0.125,0.0340909090909,0.0113636363636,0.0568181818182,0.323680823681,0.126126126126,d_roleplayer
B Nelson,,3,15,6,11,1,28,163,191,0.146596858639,0.0157068062827,0.0785340314136,0.0314136125654,0.143500643501,0.711711711712,d_handler
B Keren,,3,5,0,1,0,46,5,51,0.901960784314,0.0588235294118,0.0980392156863,0.0,0.553410553411,0.817245817246,o_cutter
Watts A.,,3,7,7,10,1,2,196,198,0.010101010101,0.0151515151515,0.0353535353535,0.0353535353535,0.13963963964,0.349420849421,d_roleplayer
Weiner M,,3,2,4,1,1,55,16,71,0.774647887324,0.0422535211268,0.0281690140845,0.056338028169,0.400257400257,0.267696267696,o_handler
D Cox,,3,2,6,4,2,11,71,82,0.134146341463,0.0365853658537,0.0243902439024,0.0731707317073,0.34555984556,0.227799227799,d_roleplayer
Kaczma N,,3,3,1,0,0,11,66,77,0.142857142857,0.038961038961,0.038961038961,0.012987012987,0.364221364221,0.405405405405,d_roleplayer
Saul I,,3,24,5,26,1,179,24,203,0.881773399015,0.0147783251232,0.118226600985,0.0246305418719,0.137709137709,0.872586872587,o_handler
Benton A,,3,3,6,5,1,4,86,90,0.0444444444444,0.0333333333333,0.0333333333333,0.0666666666667,0.315958815959,0.32175032175,d_roleplayer
K Garner,,3,9,2,2,0,8,90,98,0.0816326530612,0.030612244898,0.0918367346939,0.0204081632653,0.278635778636,0.788931788932,d_handler
Brian K,,3,10,1,20,6,172,19,191,0.900523560209,0.0157068062827,0.0523560209424,0.00523560209424,0.143500643501,0.526383526384,o_handler
Snell B,,3,1,2,1,2,11,19,30,0.366666666667,0.1,0.0333333333333,0.0666666666667,0.812741312741,0.32175032175,d_cutter
Bret C,,3,1,3,0,0,15,61,76,0.197368421053,0.0394736842105,0.0131578947368,0.0394736842105,0.371943371943,0.136422136422,d_roleplayer
Smeltzer,,3,0,0,5,1,9,44,53,0.169811320755,0.0566037735849,0.0,0.0,0.535392535393,0.0482625482625,d_cutter
Skware K,,3,8,2,13,0,91,15,106,0.858490566038,0.0283018867925,0.0754716981132,0.0188679245283,0.253539253539,0.69111969112,o_handler
Sugiok K,,3,5,7,4,2,33,89,122,0.270491803279,0.0245901639344,0.0409836065574,0.0573770491803,0.225225225225,0.429858429858,d_roleplayer
Swink S,,3,9,3,3,3,72,40,112,0.642857142857,0.0267857142857,0.0803571428571,0.0267857142857,0.240025740026,0.723294723295,o_handler
BoucherN,,3,10,9,9,1,29,118,147,0.197278911565,0.0204081632653,0.0680272108844,0.0612244897959,0.195624195624,0.649292149292,d_handler
Shultz D,,3,0,1,1,0,4,44,48,0.0833333333333,0.0625,0.0,0.0208333333333,0.581724581725,0.0482625482625,d_cutter
Greeno J,,3,2,0,5,0,5,95,100,0.05,0.03,0.02,0.0,0.267696267696,0.181467181467,d_roleplayer
TJ Burns,,3,1,4,1,2,10,25,35,0.285714285714,0.0857142857143,0.0285714285714,0.114285714286,0.736164736165,0.271557271557,d_cutter
Takashi,,3,5,4,20,0,102,77,179,0.569832402235,0.0167597765363,0.0279329608939,0.0223463687151,0.153153153153,0.265122265122,d_roleplayer
Seuntjen,,3,2,10,0,1,10,102,112,0.0892857142857,0.0267857142857,0.0178571428571,0.0892857142857,0.240025740026,0.168597168597,d_roleplayer
Bostia A,,3,3,3,4,2,30,69,99,0.30303030303,0.030303030303,0.030303030303,0.030303030303,0.273487773488,0.291505791506,d_roleplayer
Seth C,,3,3,3,14,1,36,38,74,0.486486486486,0.0405405405405,0.0405405405405,0.0405405405405,0.386743886744,0.421492921493,d_handler
Bonell A,,3,3,6,4,0,37,51,88,0.420454545455,0.0340909090909,0.0340909090909,0.0681818181818,0.323680823681,0.328828828829,d_roleplayer
Schakn Z,,3,22,9,13,3,49,168,217,0.225806451613,0.0138248847926,0.101382488479,0.0414746543779,0.129987129987,0.836550836551,d_handler
Kyle K,,3,5,2,2,1,8,41,49,0.163265306122,0.0612244897959,0.102040816327,0.0408163265306,0.569498069498,0.837837837838,d_handler
Bago,,3,2,0,6,3,49,4,53,0.924528301887,0.0566037735849,0.0377358490566,0.0,0.535392535393,0.393822393822,o_handler
Whitti G,,3,2,0,7,0,44,11,55,0.8,0.0545454545455,0.0363636363636,0.0,0.505148005148,0.364864864865,o_handler
Franci H,,3,1,0,4,0,45,20,65,0.692307692308,0.0461538461538,0.0153846153846,0.0,0.436293436293,0.148648648649,o_handler
Egger B,,3,4,2,7,1,29,61,90,0.322222222222,0.0333333333333,0.0444444444444,0.0222222222222,0.315958815959,0.464607464607,d_handler
Dave A,,3,9,5,10,0,10,50,60,0.166666666667,0.05,0.15,0.0833333333333,0.468468468468,0.94851994852,d_handler
Husak G,,3,4,2,6,0,18,31,49,0.367346938776,0.0612244897959,0.0816326530612,0.0408163265306,0.569498069498,0.739382239382,d_handler
Lam F,,3,1,7,1,1,12,99,111,0.108108108108,0.027027027027,0.00900900900901,0.0630630630631,0.2425997426,0.115186615187,d_roleplayer
Moore J,,3,2,6,6,3,21,62,83,0.253012048193,0.0361445783133,0.0240963855422,0.0722891566265,0.341698841699,0.222651222651,d_roleplayer
Wilson G,,3,10,2,19,7,129,14,143,0.902097902098,0.020979020979,0.0699300699301,0.013986013986,0.200772200772,0.661518661519,o_handler
Patel N,,3,8,5,17,3,58,77,135,0.42962962963,0.0222222222222,0.0592592592593,0.037037037037,0.207850707851,0.583011583012,d_handler
Niles P,,3,6,4,9,4,60,32,92,0.652173913043,0.0326086956522,0.0652173913043,0.0434782608696,0.303088803089,0.630630630631,o_handler
Ouelle J,,3,5,3,2,0,1,82,83,0.0120481927711,0.0361445783133,0.0602409638554,0.0361445783133,0.341698841699,0.595238095238,d_handler
Lee A,,3,2,3,0,1,8,85,93,0.0860215053763,0.0322580645161,0.0215053763441,0.0322580645161,0.297297297297,0.196911196911,d_roleplayer
ProulxP,,3,0,3,0,1,3,96,99,0.030303030303,0.030303030303,0.0,0.030303030303,0.273487773488,0.0482625482625,d_roleplayer
J Feng,,2,2,0,2,1,4,42,46,0.0869565217391,0.0434782608696,0.0434782608696,0.0,0.407979407979,0.454954954955,d_handler
Taylor H,,2,1,7,1,1,8,32,40,0.2,0.05,0.025,0.175,0.468468468468,0.232303732304,d_roleplayer
Yoder J,,2,11,3,7,0,19,117,136,0.139705882353,0.0147058823529,0.0808823529412,0.0220588235294,0.135778635779,0.728442728443,d_handler
Sebbi D,,2,2,3,3,0,5,55,60,0.0833333333333,0.0333333333333,0.0333333333333,0.05,0.315958815959,0.32175032175,d_roleplayer
Cavan M,,2,6,1,3,0,12,33,45,0.266666666667,0.0444444444444,0.133333333333,0.0222222222222,0.416344916345,0.906048906049,d_handler
Schure S,,2,16,6,13,1,12,148,160,0.075,0.0125,0.1,0.0375,0.123552123552,0.832046332046,d_handler
Palumb J,,2,0,1,0,1,6,23,29,0.206896551724,0.0689655172414,0.0,0.0344827586207,0.614543114543,0.0482625482625,d_cutter
Thom W,,2,0,4,1,2,40,79,119,0.336134453782,0.0168067226891,0.0,0.0336134453782,0.15444015444,0.0482625482625,d_roleplayer
Thomas B,,2,2,3,1,0,1,65,66,0.0151515151515,0.030303030303,0.030303030303,0.0454545454545,0.273487773488,0.291505791506,d_roleplayer
Thorn- M,,2,2,1,2,1,17,3,20,0.85,0.1,0.1,0.05,0.812741312741,0.832046332046,o_cutter
Bisson N,,2,1,0,6,1,6,32,38,0.157894736842,0.0526315789474,0.0263157894737,0.0,0.494851994852,0.248391248391,d_cutter
Green T,,2,16,4,17,1,32,173,205,0.156097560976,0.00975609756098,0.0780487804878,0.019512195122,0.114543114543,0.707207207207,d_handler
Dozzi M,,2,3,3,4,0,23,109,132,0.174242424242,0.0151515151515,0.0227272727273,0.0227272727273,0.13963963964,0.211068211068,d_roleplayer
Tan J,,2,1,4,2,3,12,74,86,0.139534883721,0.0232558139535,0.0116279069767,0.046511627907,0.211711711712,0.128056628057,d_roleplayer
Eskin Z,,2,0,2,0,2,17,63,80,0.2125,0.025,0.0,0.025,0.228442728443,0.0482625482625,d_roleplayer
Sheehan,,2,13,10,18,1,31,108,139,0.223021582734,0.0143884892086,0.0935251798561,0.0719424460432,0.132561132561,0.792792792793,d_handler
Shepard,,2,0,2,4,1,12,60,72,0.166666666667,0.0277777777778,0.0,0.0277777777778,0.247104247104,0.0482625482625,d_roleplayer
Snyder M,,2,4,2,0,1,1,33,34,0.0294117647059,0.0588235294118,0.117647058824,0.0588235294118,0.553410553411,0.870656370656,d_handler
Zubair,,2,3,1,4,1,1,35,36,0.0277777777778,0.0555555555556,0.0833333333333,0.0277777777778,0.521879021879,0.752895752896,d_handler
Farwel R,,2,1,4,1,1,5,52,57,0.0877192982456,0.0350877192982,0.0175438596491,0.0701754385965,0.333333333333,0.16537966538,d_roleplayer
JRob,,2,5,8,7,0,13,70,83,0.156626506024,0.0240963855422,0.0602409638554,0.0963855421687,0.220077220077,0.595238095238,d_handler
Zarobi E,,2,2,0,1,0,6,37,43,0.139534883721,0.046511627907,0.046511627907,0.0,0.441441441441,0.471685971686,d_handler
Zach B,,2,8,2,4,3,68,31,99,0.686868686869,0.020202020202,0.0808080808081,0.020202020202,0.194337194337,0.727155727156,o_handler
Luca,,2,22,7,29,2,222,12,234,0.948717948718,0.00854700854701,0.0940170940171,0.0299145299145,0.108751608752,0.79407979408,o_handler
Gus C,,2,23,6,33,1,204,12,216,0.944444444444,0.00925925925926,0.106481481481,0.0277777777778,0.111969111969,0.850707850708,o_handler
Stukes M,,2,1,0,2,0,15,18,33,0.454545454545,0.0606060606061,0.030303030303,0.0,0.564993564994,0.291505791506,d_cutter
Stumpf M,,2,0,1,0,0,0,32,32,0.0,0.0625,0.0,0.03125,0.581724581725,0.0482625482625,d_cutter
A-K Ian,,2,5,1,13,2,59,7,66,0.893939393939,0.030303030303,0.0757575757576,0.0151515151515,0.273487773488,0.69305019305,o_handler
GregM,,2,1,1,5,2,21,19,40,0.525,0.05,0.025,0.025,0.468468468468,0.232303732304,d_cutter
Simfox B,,2,4,3,4,1,10,81,91,0.10989010989,0.021978021978,0.043956043956,0.032967032967,0.204633204633,0.46138996139,d_roleplayer
Oettin D,,2,10,5,17,2,70,90,160,0.4375,0.0125,0.0625,0.03125,0.123552123552,0.613256113256,d_handler
Alex,,2,5,1,14,5,74,95,169,0.437869822485,0.0118343195266,0.0295857988166,0.00591715976331,0.119691119691,0.277992277992,d_roleplayer
Caldwe M,,2,6,1,3,1,30,5,35,0.857142857143,0.0571428571429,0.171428571429,0.0285714285714,0.540540540541,0.980694980695,o_cutter
TGoforth,,2,5,8,5,0,31,73,104,0.298076923077,0.0192307692308,0.0480769230769,0.0769230769231,0.180823680824,0.483268983269,d_roleplayer
Pat S,,2,2,0,5,3,56,64,120,0.466666666667,0.0166666666667,0.0166666666667,0.0,0.151222651223,0.160231660232,d_roleplayer
Steine C,,2,1,1,2,0,4,61,65,0.0615384615385,0.0307692307692,0.0153846153846,0.0153846153846,0.280566280566,0.148648648649,d_roleplayer
Babbin J,,2,3,3,5,0,3,56,59,0.0508474576271,0.0338983050847,0.0508474576271,0.0508474576271,0.321106821107,0.509009009009,d_handler
Frank M,,2,1,3,1,0,11,51,62,0.177419354839,0.0322580645161,0.0161290322581,0.0483870967742,0.297297297297,0.157014157014,d_roleplayer
Roeder S,,2,1,0,2,1,41,1,42,0.97619047619,0.047619047619,0.0238095238095,0.0,0.44851994852,0.220077220077,o_handler
Vasilyev,,2,30,7,13,0,41,169,210,0.195238095238,0.00952380952381,0.142857142857,0.0333333333333,0.113256113256,0.929858429858,d_handler
Robert A,,2,3,6,3,1,17,61,78,0.217948717949,0.025641025641,0.0384615384615,0.0769230769231,0.234234234234,0.401544401544,d_roleplayer
Weeks P,,2,1,0,0,1,8,9,17,0.470588235294,0.117647058824,0.0588235294118,0.0,0.870656370656,0.578507078507,o_cutter
Wining L,,2,14,2,12,0,84,7,91,0.923076923077,0.021978021978,0.153846153846,0.021978021978,0.204633204633,0.958815958816,o_handler
AntoineL,,2,4,0,3,0,31,1,32,0.96875,0.0625,0.125,0.0,0.581724581725,0.888030888031,o_cutter
Moore,,2,2,1,2,0,1,12,13,0.0769230769231,0.153846153846,0.153846153846,0.0769230769231,0.942728442728,0.958815958816,d_handler
Peter M,,2,5,3,1,1,89,25,114,0.780701754386,0.0175438596491,0.0438596491228,0.0263157894737,0.160875160875,0.459459459459,o_handler
Glenn M,,2,4,5,5,3,30,77,107,0.280373831776,0.018691588785,0.0373831775701,0.0467289719626,0.173745173745,0.388030888031,d_roleplayer
Wasdi,,2,16,10,41,4,215,90,305,0.704918032787,0.00655737704918,0.0524590163934,0.0327868852459,0.0965250965251,0.528957528958,o_handler
LP,,2,0,2,0,0,27,22,49,0.551020408163,0.0408163265306,0.0,0.0408163265306,0.390604890605,0.0482625482625,d_roleplayer
Melo E,,2,8,2,9,0,95,5,100,0.95,0.02,0.08,0.02,0.19111969112,0.720077220077,o_handler
B. Liu,,2,6,5,2,0,21,42,63,0.333333333333,0.031746031746,0.0952380952381,0.0793650793651,0.292149292149,0.803088803089,d_handler
Daniel S,,2,24,12,18,3,43,225,268,0.160447761194,0.00746268656716,0.089552238806,0.044776119403,0.0997425997426,0.778635778636,d_handler
GoodkeyM,,2,6,6,7,0,24,142,166,0.144578313253,0.0120481927711,0.0361445783133,0.0361445783133,0.120978120978,0.359073359073,d_roleplayer
Goodma J,,2,3,6,3,1,15,102,117,0.128205128205,0.017094017094,0.025641025641,0.0512820512821,0.157014157014,0.241312741313,d_roleplayer
Maxsta X,,2,1,5,10,1,13,114,127,0.102362204724,0.0157480314961,0.00787401574803,0.0393700787402,0.145431145431,0.110682110682,d_roleplayer
Weinbe C,,2,2,3,3,0,41,20,61,0.672131147541,0.0327868852459,0.0327868852459,0.0491803278689,0.30694980695,0.317245817246,o_handler
Peter A,,2,1,2,4,0,23,11,34,0.676470588235,0.0588235294118,0.0294117647059,0.0588235294118,0.553410553411,0.276061776062,d_cutter
McCall S,,2,1,1,3,0,18,2,20,0.9,0.1,0.05,0.05,0.812741312741,0.500643500644,o_cutter
Russo,,2,0,1,0,0,11,44,55,0.2,0.0363636363636,0.0,0.0181818181818,0.343629343629,0.0482625482625,d_roleplayer
McCall C,,2,0,0,0,1,9,23,32,0.28125,0.0625,0.0,0.0,0.581724581725,0.0482625482625,d_cutter
Baum M,,2,8,2,20,2,22,81,103,0.21359223301,0.0194174757282,0.0776699029126,0.0194174757282,0.184041184041,0.705276705277,d_handler
Kochen C,,2,1,0,0,0,4,9,13,0.307692307692,0.153846153846,0.0769230769231,0.0,0.942728442728,0.698841698842,d_cutter
Craig M,,2,1,5,8,0,32,70,102,0.313725490196,0.0196078431373,0.00980392156863,0.0490196078431,0.186615186615,0.118404118404,d_roleplayer
Hendriks,,2,0,0,0,0,0,9,9,0.0,0.222222222222,0.0,0.0,0.988416988417,0.0482625482625,d_cutter
Benalo S,,2,1,1,6,0,37,11,48,0.770833333333,0.0416666666667,0.0208333333333,0.0208333333333,0.395752895753,0.186615186615,o_handler
ArsenauA,,2,0,3,0,0,8,17,25,0.32,0.08,0.0,0.12,0.700772200772,0.0482625482625,d_cutter
Jim B,,2,2,2,6,1,22,95,117,0.188034188034,0.017094017094,0.017094017094,0.017094017094,0.157014157014,0.162162162162,d_roleplayer
Patterso,,2,2,5,4,0,8,100,108,0.0740740740741,0.0185185185185,0.0185185185185,0.0462962962963,0.172458172458,0.172458172458,d_roleplayer
B Taitt,,1,0,0,0,0,0,7,7,0.0,0.142857142857,0.0,0.0,0.925353925354,0.0482625482625,d_cutter
Hritz M,,1,1,1,0,1,3,28,31,0.0967741935484,0.0322580645161,0.0322580645161,0.0322580645161,0.297297297297,0.310167310167,d_roleplayer
Weiss L,,1,1,1,2,0,4,32,36,0.111111111111,0.0277777777778,0.0277777777778,0.0277777777778,0.247104247104,0.262548262548,d_roleplayer
Zaccar S,,1,8,2,8,1,41,143,184,0.222826086957,0.0054347826087,0.0434782608696,0.0108695652174,0.0926640926641,0.454954954955,d_roleplayer
Titcom X,,1,0,0,0,0,0,7,7,0.0,0.142857142857,0.0,0.0,0.925353925354,0.0482625482625,d_cutter
Lu E,,1,1,1,2,0,23,20,43,0.53488372093,0.0232558139535,0.0232558139535,0.0232558139535,0.211711711712,0.215572715573,d_roleplayer
Sun R,,1,1,2,2,0,28,28,56,0.5,0.0178571428571,0.0178571428571,0.0357142857143,0.164736164736,0.168597168597,d_roleplayer
Brand K,,1,0,0,0,2,8,44,52,0.153846153846,0.0192307692308,0.0,0.0,0.180823680824,0.0482625482625,d_roleplayer
T Debyl,,1,2,3,0,0,3,52,55,0.0545454545455,0.0181818181818,0.0363636363636,0.0545454545455,0.168597168597,0.364864864865,d_roleplayer
Yu P,,1,2,2,4,0,15,40,55,0.272727272727,0.0181818181818,0.0363636363636,0.0363636363636,0.168597168597,0.364864864865,d_roleplayer
J Silver,,1,3,3,2,0,3,49,52,0.0576923076923,0.0192307692308,0.0576923076923,0.0576923076923,0.180823680824,0.56435006435,d_handler
Aubut,,1,0,0,1,1,4,28,32,0.125,0.03125,0.0,0.0,0.285714285714,0.0482625482625,d_roleplayer
Hunt D,,1,3,3,16,0,27,36,63,0.428571428571,0.015873015873,0.047619047619,0.047619047619,0.148005148005,0.480694980695,d_roleplayer
VanKan J,,1,1,2,0,2,20,3,23,0.869565217391,0.0434782608696,0.0434782608696,0.0869565217391,0.407979407979,0.454954954955,o_handler
Hollow J,,1,6,1,4,0,17,22,39,0.435897435897,0.025641025641,0.153846153846,0.025641025641,0.234234234234,0.958815958816,d_handler
TurcottD,,1,3,0,5,1,3,49,52,0.0576923076923,0.0192307692308,0.0576923076923,0.0,0.180823680824,0.56435006435,d_handler
Travagli,,1,15,12,22,0,51,161,212,0.240566037736,0.00471698113208,0.0707547169811,0.0566037735849,0.0913770913771,0.666666666667,d_handler
Heid N,,1,13,4,9,2,22,63,85,0.258823529412,0.0117647058824,0.152941176471,0.0470588235294,0.118404118404,0.956241956242,d_handler
Titcom V,,1,1,0,2,0,23,19,42,0.547619047619,0.0238095238095,0.0238095238095,0.0,0.218146718147,0.220077220077,d_roleplayer
J Spiro,,1,1,0,0,0,0,24,24,0.0,0.0416666666667,0.0416666666667,0.0,0.395752895753,0.436293436293,d_roleplayer
Souichi,,1,0,2,2,4,34,38,72,0.472222222222,0.0138888888889,0.0,0.0277777777778,0.131274131274,0.0482625482625,d_roleplayer
Eric Y,,1,3,2,3,3,29,40,69,0.420289855072,0.0144927536232,0.0434782608696,0.0289855072464,0.133848133848,0.454954954955,d_roleplayer
Jarvis R,,1,0,3,1,1,3,50,53,0.0566037735849,0.0188679245283,0.0,0.0566037735849,0.175032175032,0.0482625482625,d_roleplayer
Elder D,,1,2,1,2,0,3,52,55,0.0545454545455,0.0181818181818,0.0363636363636,0.0181818181818,0.168597168597,0.364864864865,d_roleplayer
Greenb J,,1,0,0,0,0,2,15,17,0.117647058824,0.0588235294118,0.0,0.0,0.553410553411,0.0482625482625,d_cutter
Matt K.,,1,13,12,10,0,73,88,161,0.453416149068,0.00621118012422,0.0807453416149,0.0745341614907,0.0939510939511,0.725868725869,d_handler
Sandberg,,1,3,2,5,1,113,46,159,0.710691823899,0.0062893081761,0.0188679245283,0.0125786163522,0.0952380952381,0.17824967825,o_handler
Grady E,,1,0,1,1,0,13,35,48,0.270833333333,0.0208333333333,0.0,0.0208333333333,0.198841698842,0.0482625482625,d_roleplayer
Max R,,1,28,8,55,5,185,66,251,0.737051792829,0.00398406374502,0.111553784861,0.0318725099602,0.0900900900901,0.861003861004,o_handler
Sage Ben,,1,3,1,2,0,9,21,30,0.3,0.0333333333333,0.1,0.0333333333333,0.315958815959,0.832046332046,d_handler
Saffa Z,,1,1,2,2,1,14,50,64,0.21875,0.015625,0.015625,0.03125,0.14157014157,0.151866151866,d_roleplayer
Perdulla,,1,2,1,4,2,17,59,76,0.223684210526,0.0131578947368,0.0263157894737,0.0131578947368,0.127413127413,0.248391248391,d_roleplayer
Chen- D,,1,0,0,0,0,2,12,14,0.142857142857,0.0714285714286,0.0,0.0,0.637065637066,0.0482625482625,d_cutter
McAlis T,,1,0,3,1,0,8,33,41,0.19512195122,0.0243902439024,0.0,0.0731707317073,0.222651222651,0.0482625482625,d_roleplayer
Chow J,,1,1,1,9,1,104,10,114,0.912280701754,0.00877192982456,0.00877192982456,0.00877192982456,0.110682110682,0.113256113256,o_handler
Roush,,1,0,1,0,0,0,16,16,0.0,0.0625,0.0,0.0625,0.581724581725,0.0482625482625,d_cutter
Kirkla C,,1,5,1,13,0,71,57,128,0.5546875,0.0078125,0.0390625,0.0078125,0.10296010296,0.406692406692,o_handler
Poulos S,,1,2,0,5,0,14,15,29,0.48275862069,0.0344827586207,0.0689655172414,0.0,0.326898326898,0.65444015444,d_handler
Roca A,,1,10,2,10,1,25,69,94,0.265957446809,0.0106382978723,0.106382978723,0.0212765957447,0.117117117117,0.849420849421,d_handler
Dan Latz,,1,14,6,18,2,90,33,123,0.731707317073,0.00813008130081,0.113821138211,0.0487804878049,0.105534105534,0.868725868726,o_handler
Goldbe A,,1,3,4,3,0,17,33,50,0.34,0.02,0.06,0.08,0.19111969112,0.591377091377,d_handler
Gerald,,1,1,1,2,0,26,22,48,0.541666666667,0.0208333333333,0.0208333333333,0.0208333333333,0.198841698842,0.186615186615,d_roleplayer
GeeK,,1,1,1,2,1,20,75,95,0.210526315789,0.0105263157895,0.0105263157895,0.0105263157895,0.11583011583,0.122265122265,d_roleplayer
Eric S,,1,0,0,1,1,9,17,26,0.346153846154,0.0384615384615,0.0,0.0,0.35842985843,0.0482625482625,d_roleplayer
Fox E,,1,12,1,10,1,111,10,121,0.917355371901,0.00826446280992,0.099173553719,0.00826446280992,0.106821106821,0.827541827542,o_handler
Carr P,,1,6,3,5,0,61,19,80,0.7625,0.0125,0.075,0.0375,0.123552123552,0.687258687259,o_handler
Silver,,1,1,0,0,0,1,9,10,0.1,0.1,0.1,0.0,0.812741312741,0.832046332046,d_handler
Farina C,,1,2,1,10,0,10,123,133,0.0751879699248,0.00751879699248,0.015037593985,0.00751879699248,0.101673101673,0.146718146718,d_roleplayer
Brodie,,1,0,0,1,0,1,1,2,0.5,0.5,0.0,0.0,1.0,0.0482625482625,d_cutter
Smith N,,1,3,4,3,3,9,108,117,0.0769230769231,0.00854700854701,0.025641025641,0.034188034188,0.108751608752,0.241312741313,d_roleplayer
Brown A,,1,0,0,0,0,0,7,7,0.0,0.142857142857,0.0,0.0,0.925353925354,0.0482625482625,d_cutter
Slevin J,,1,1,0,0,1,8,25,33,0.242424242424,0.030303030303,0.030303030303,0.0,0.273487773488,0.291505791506,d_roleplayer
Guerre X,,1,2,0,1,1,8,13,21,0.380952380952,0.047619047619,0.0952380952381,0.0,0.44851994852,0.803088803089,d_handler
Newlin S,,1,3,2,1,1,10,4,14,0.714285714286,0.0714285714286,0.214285714286,0.142857142857,0.637065637066,0.994851994852,o_cutter
Fortin E,,1,2,2,9,0,48,88,136,0.352941176471,0.00735294117647,0.0147058823529,0.0147058823529,0.0978120978121,0.142857142857,d_roleplayer
Groess J,,1,1,0,3,0,8,12,20,0.4,0.05,0.05,0.0,0.468468468468,0.500643500644,d_handler
Groven T,,1,7,0,10,0,81,45,126,0.642857142857,0.00793650793651,0.0555555555556,0.0,0.104247104247,0.553410553411,o_handler
Carlet B,,1,0,0,0,0,1,8,9,0.111111111111,0.111111111111,0.0,0.0,0.856499356499,0.0482625482625,d_cutter
Naji S,,1,8,3,8,0,7,127,134,0.0522388059701,0.00746268656716,0.0597014925373,0.0223880597015,0.0997425997426,0.589446589447,d_handler
Carlis S,,1,0,3,3,0,8,37,45,0.177777777778,0.0222222222222,0.0,0.0666666666667,0.207850707851,0.0482625482625,d_roleplayer
Caball L,,1,8,4,7,4,39,29,68,0.573529411765,0.0147058823529,0.117647058824,0.0588235294118,0.135778635779,0.870656370656,o_handler
Kinley T,,0,1,0,1,0,3,10,13,0.230769230769,0.0,0.0769230769231,0.0,0.045045045045,0.698841698842,d_handler
Flint J,,0,0,0,1,0,1,10,11,0.0909090909091,0.0,0.0,0.0,0.045045045045,0.0482625482625,d_roleplayer
Gallin M,,0,23,16,47,1,81,192,273,0.296703296703,0.0,0.0842490842491,0.0586080586081,0.045045045045,0.756756756757,d_handler
Johnso R,,0,2,1,1,1,13,30,43,0.302325581395,0.0,0.046511627907,0.0232558139535,0.045045045045,0.471685971686,d_roleplayer
Arsene A,,0,0,0,0,0,0,5,5,0.0,0.0,0.0,0.0,0.045045045045,0.0482625482625,d_roleplayer
Willia E,,0,1,3,5,0,22,111,133,0.165413533835,0.0,0.00751879699248,0.0225563909774,0.045045045045,0.108108108108,d_roleplayer
Kirk,,0,0,0,1,3,34,24,58,0.586206896552,0.0,0.0,0.0,0.045045045045,0.0482625482625,d_roleplayer
Purdy Z,,0,0,0,0,0,2,12,14,0.142857142857,0.0,0.0,0.0,0.045045045045,0.0482625482625,d_roleplayer
Fox B,,0,1,3,0,0,0,20,20,0.0,0.0,0.05,0.15,0.045045045045,0.500643500644,d_roleplayer
Franke G,,0,0,0,0,0,3,8,11,0.272727272727,0.0,0.0,0.0,0.045045045045,0.0482625482625,d_roleplayer
Ye R,,0,2,2,5,2,34,30,64,0.53125,0.0,0.03125,0.03125,0.045045045045,0.302445302445,d_roleplayer
Arenso G,,0,1,0,2,1,10,14,24,0.416666666667,0.0,0.0416666666667,0.0,0.045045045045,0.436293436293,d_roleplayer
RalieghV,,0,0,0,0,1,0,7,7,0.0,0.0,0.0,0.0,0.045045045045,0.0482625482625,d_roleplayer
Klevec A,,0,0,0,0,1,11,62,73,0.150684931507,0.0,0.0,0.0,0.045045045045,0.0482625482625,d_roleplayer
Polett T,,0,0,0,2,0,10,20,30,0.333333333333,0.0,0.0,0.0,0.045045045045,0.0482625482625,d_roleplayer
Allan R,,0,0,0,0,0,0,2,2,0.0,0.0,0.0,0.0,0.045045045045,0.0482625482625,d_roleplayer
Forbes J,,0,4,0,12,0,88,10,98,0.897959183673,0.0,0.0408163265306,0.0,0.045045045045,0.427927927928,o_handler
Johns C,,0,0,1,0,0,0,6,6,0.0,0.0,0.0,0.166666666667,0.045045045045,0.0482625482625,d_roleplayer
N Volk,,0,4,2,4,0,53,3,56,0.946428571429,0.0,0.0714285714286,0.0357142857143,0.045045045045,0.670527670528,o_handler
Wu V,,0,1,4,8,2,28,79,107,0.261682242991,0.0,0.00934579439252,0.0373831775701,0.045045045045,0.117117117117,d_roleplayer
Aubut C,,0,0,0,0,0,0,4,4,0.0,0.0,0.0,0.0,0.045045045045,0.0482625482625,d_roleplayer
Peters M,,0,0,0,7,1,8,7,15,0.533333333333,0.0,0.0,0.0,0.045045045045,0.0482625482625,d_roleplayer
Dinan,,0,0,0,0,0,0,7,7,0.0,0.0,0.0,0.0,0.045045045045,0.0482625482625,d_roleplayer
Woovon N,,0,0,3,0,0,0,27,27,0.0,0.0,0.0,0.111111111111,0.045045045045,0.0482625482625,d_roleplayer
OConne J,,0,1,0,1,0,4,32,36,0.111111111111,0.0,0.0277777777778,0.0,0.045045045045,0.262548262548,d_roleplayer
Pepper N,,0,1,1,0,0,11,16,27,0.407407407407,0.0,0.037037037037,0.037037037037,0.045045045045,0.38416988417,d_roleplayer
Abramo L,,0,0,0,2,0,0,12,12,0.0,0.0,0.0,0.0,0.045045045045,0.0482625482625,d_roleplayer
Cox K,,0,13,7,19,2,36,137,173,0.208092485549,0.0,0.0751445086705,0.0404624277457,0.045045045045,0.688545688546,d_handler
RingB,,0,4,4,8,1,41,142,183,0.224043715847,0.0,0.0218579234973,0.0218579234973,0.045045045045,0.200772200772,d_roleplayer
Cooper S,,0,2,1,1,1,2,38,40,0.05,0.0,0.05,0.025,0.045045045045,0.500643500644,d_roleplayer
Janin E,,0,35,3,23,0,165,22,187,0.882352941176,0.0,0.187165775401,0.0160427807487,0.045045045045,0.989703989704,o_handler
GreenC,,0,15,7,10,1,28,124,152,0.184210526316,0.0,0.0986842105263,0.0460526315789,0.045045045045,0.821106821107,d_handler
Schmit P,,0,0,0,0,0,3,2,5,0.6,0.0,0.0,0.0,0.045045045045,0.0482625482625,d_roleplayer
Boezi,,0,0,0,0,0,0,2,2,0.0,0.0,0.0,0.0,0.045045045045,0.0482625482625,d_roleplayer
Lloyd M.,,0,0,0,0,0,1,0,1,1.0,0.0,0.0,0.0,0.045045045045,0.0482625482625,o_handler
Ced A. B,,0,0,0,0,0,0,2,2,0.0,0.0,0.0,0.0,0.045045045045,0.0482625482625,d_roleplayer
Cavana M,,0,0,4,1,0,7,34,41,0.170731707317,0.0,0.0,0.0975609756098,0.045045045045,0.0482625482625,d_roleplayer
Cashma P,,0,0,0,9,2,32,49,81,0.395061728395,0.0,0.0,0.0,0.045045045045,0.0482625482625,d_roleplayer
LoiseauL,,0,0,0,0,0,1,1,2,0.5,0.0,0.0,0.0,0.045045045045,0.0482625482625,d_roleplayer
Caldwell,,0,2,0,2,0,14,0,14,1.0,0.0,0.142857142857,0.0,0.045045045045,0.929858429858,o_handler
T Phil,,0,1,0,0,0,12,1,13,0.923076923077,0.0,0.0769230769231,0.0,0.045045045045,0.698841698842,o_handler
Jakob D,,0,1,0,1,1,11,16,27,0.407407407407,0.0,0.037037037037,0.0,0.045045045045,0.38416988417,d_roleplayer
Simon L,,0,2,0,3,1,5,26,31,0.161290322581,0.0,0.0645161290323,0.0,0.045045045045,0.625482625483,d_handler
Lowy A,,0,1,1,1,0,3,9,12,0.25,0.0,0.0833333333333,0.0833333333333,0.045045045045,0.752895752896,d_handler
Brando,,0,7,0,2,0,16,2,18,0.888888888889,0.0,0.388888888889,0.0,0.045045045045,1.0,o_handler
Markle R,,0,1,1,4,0,8,37,45,0.177777777778,0.0,0.0222222222222,0.0222222222222,0.045045045045,0.206563706564,d_roleplayer
Harrit C,,0,2,1,4,4,49,28,77,0.636363636364,0.0,0.025974025974,0.012987012987,0.045045045045,0.24453024453,o_handler
Kaylor Z,,0,1,2,9,2,26,138,164,0.158536585366,0.0,0.00609756097561,0.0121951219512,0.045045045045,0.104247104247,d_roleplayer
Jessi J,,0,0,0,0,0,0,13,13,0.0,0.0,0.0,0.0,0.045045045045,0.0482625482625,d_roleplayer
CharlieR,,0,1,0,0,0,9,4,13,0.692307692308,0.0,0.0769230769231,0.0,0.045045045045,0.698841698842,o_handler
Sage,,0,1,1,0,0,0,21,21,0.0,0.0,0.047619047619,0.047619047619,0.045045045045,0.480694980695,d_roleplayer
Vince H,,0,0,0,1,0,2,6,8,0.25,0.0,0.0,0.0,0.045045045045,0.0482625482625,d_roleplayer
Conger T,,0,3,1,2,1,43,6,49,0.877551020408,0.0,0.0612244897959,0.0204081632653,0.045045045045,0.603603603604,o_handler
Warden N,,0,1,0,1,2,7,72,79,0.0886075949367,0.0,0.0126582278481,0.0,0.045045045045,0.133204633205,d_roleplayer
Raty A,,0,0,0,0,0,1,1,2,0.5,0.0,0.0,0.0,0.045045045045,0.0482625482625,d_roleplayer
Lieber J,,0,5,2,3,0,33,4,37,0.891891891892,0.0,0.135135135135,0.0540540540541,0.045045045045,0.90990990991,o_handler
Mi Bode,,0,0,1,0,0,0,7,7,0.0,0.0,0.0,0.142857142857,0.045045045045,0.0482625482625,d_roleplayer
McLaug B,,0,3,3,7,0,10,71,81,0.123456790123,0.0,0.037037037037,0.037037037037,0.045045045045,0.38416988417,d_roleplayer
Jimmy,,0,3,3,1,0,1,69,70,0.0142857142857,0.0,0.0428571428571,0.0428571428571,0.045045045045,0.444658944659,d_roleplayer
Kawaok R,,0,1,0,0,0,5,9,14,0.357142857143,0.0,0.0714285714286,0.0,0.045045045045,0.670527670528,d_handler
Maynar Z,,0,0,0,1,0,0,16,16,0.0,0.0,0.0,0.0,0.045045045045,0.0482625482625,d_roleplayer
Ringwo C,,0,0,0,0,0,2,39,41,0.0487804878049,0.0,0.0,0.0,0.045045045045,0.0482625482625,d_roleplayer
Chris B,,0,0,1,5,1,10,47,57,0.175438596491,0.0,0.0,0.0175438596491,0.045045045045,0.0482625482625,d_roleplayer
VanNes M,,0,1,2,4,0,2,43,45,0.0444444444444,0.0,0.0222222222222,0.0444444444444,0.045045045045,0.206563706564,d_roleplayer
McCrae A,,0,0,0,0,1,8,3,11,0.727272727273,0.0,0.0,0.0,0.045045045045,0.0482625482625,d_roleplayer
Chris,,0,2,1,13,1,56,73,129,0.434108527132,0.0,0.015503875969,0.0077519379845,0.045045045045,0.150579150579,d_roleplayer
Hirnin N,,0,0,0,0,0,0,3,3,0.0,0.0,0.0,0.0,0.045045045045,0.0482625482625,d_roleplayer
Herold W,,0,2,2,0,1,3,58,61,0.0491803278689,0.0,0.0327868852459,0.0327868852459,0.045045045045,0.317245817246,d_roleplayer
Greg,,0,0,0,2,0,0,11,11,0.0,0.0,0.0,0.0,0.045045045045,0.0482625482625,d_roleplayer
